Loan_ID,TotalIncome,LoanAmtToTotalIncomeRatio,DependentsRatio,ApplicantIncome,CoapplicantIncome,LoanAmount,Loan_Amount_Term,Gender,Married,Self_Employed,Dependents_0,Dependents_1,Dependents_2,Dependents_3+,Education_Graduate,Education_Not Graduate,Property_Area_Rural,Property_Area_Semiurban,Property_Area_Urban,Credit_History
LP002832,0.2739458721736685,0.5957644573699095,1.321250498266429,0.5558572872275114,-0.5557455548251751,1.326222415772396,0.2755156404340863,1,1,0,0,0,1,0,1,0,0,0,1,0
LP001935,0.3835852081899737,-0.4847693482424396,-0.8250680246735198,0.6717874032504737,-0.5557455548251751,0.4827093582171186,0.2755156404340863,1,0,0,1,0,0,0,1,0,1,0,0,1
LP002065,1.232864803960845,-0.4475700262832735,1.589540313633923,1.569796144009443,-0.5557455548251751,1.82520197094594,0.2755156404340863,1,1,0,0,0,0,1,1,0,1,0,0,1
LP001482,-0.5518285344935663,-1.877162535627349,-0.8250680246735198,-0.3172976063727971,-0.5557455548251751,-1.441926068880838,-3.465374499682059,1,1,1,1,0,0,0,1,0,0,1,0,1
LP001606,-0.242240451694352,-0.3086084820181302,-0.8250680246735198,-0.311084144583132,0.1147108405946664,-0.3608036993381585,0.2755156404340863,1,1,0,1,0,0,0,1,0,1,0,0,1
LP002115,-0.4319829979454189,1.887206515152109,1.589540313633923,-0.4500694740887991,-0.01398674650985512,0.3163828398259372,0.2755156404340863,1,1,0,0,0,0,1,0,1,1,0,0,1
LP001616,-0.5068284685122619,0.7761715163916469,0.7846708675314423,-0.2697155700361511,-0.5557455548251751,-0.3608036993381585,0.2755156404340863,1,1,0,0,1,0,0,1,0,0,1,0,1
LP001552,0.4918327895883003,0.1098749358482291,-0.8250680246735198,-0.1335099471205974,1.3644770644399,1.290581018974285,0.2755156404340863,1,1,0,1,0,0,0,1,0,0,1,0,1
LP001492,1.232710164558847,-0.8802362770676261,-0.8250680246735198,1.569632631857083,-0.5557455548251751,1.136134966182474,0.2755156404340863,1,0,0,1,0,0,0,1,0,0,1,0,0
LP002284,-0.2256940356806078,-0.4950105954444782,-0.8250680246735198,-0.2448617228774906,0.01298171338737883,-0.4439669585337492,0.2755156404340863,1,0,0,1,0,0,0,0,1,1,0,0,1
LP001020,2.595083296157787,-1.045451064546358,0.7846708675314423,1.216773407065048,3.188432523059153,2.407344785315075,0.2755156404340863,1,1,0,0,1,0,0,1,0,0,1,0,1
LP002862,0.1117291394781761,0.01458256261048082,1.321250498266429,0.1186257918179187,-0.0010145759263755,0.4827093582171186,2.145960710492159,1,1,0,0,0,1,0,0,1,0,1,0,1
LP002874,-0.163838274881564,-0.6231132819717002,-0.8250680246735198,-0.354905401415507,0.3792748459156323,-0.4320864929343791,0.2755156404340863,1,0,0,1,0,0,0,1,0,0,0,1,1
LP001993,-0.2473435519602731,0.09763358802113899,-0.8250680246735198,-0.2677534242078358,0.01298171338737883,-0.1350748529501266,0.2755156404340863,0,0,0,1,0,0,0,1,0,1,0,0,1
LP002949,5.420963728262103,-1.755231410764648,1.589540313633923,-0.8148650860030853,13.66823948996023,2.419225250914445,-2.530151964653022,0,0,1,0,0,0,1,1,0,0,0,1,0
LP001825,-0.5181171448580874,0.05347103132340106,-0.8250680246735198,-0.5870926577661509,0.08193904122587575,-0.6696958049217812,0.2755156404340863,1,1,0,1,0,0,0,1,0,0,0,1,1
LP001275,-0.4700242908368308,-1.282816963206978,0.7846708675314423,-0.2307996777745643,-0.5557455548251751,-1.144914428896585,-1.594929429623986,1,1,0,0,1,0,0,1,0,0,0,1,1
LP001647,0.3557501158304039,-0.4302913260928042,-0.8250680246735198,0.6423552158257442,-0.5557455548251751,0.4945898238164886,-2.530151964653022,1,1,0,1,0,0,0,1,0,1,0,0,1
LP001674,-0.298065275815489,-0.7109290383366997,0.7846708675314423,-0.4577545452497007,0.2976867204037473,-0.6696958049217812,0.2755156404340863,1,1,0,0,1,0,0,0,1,0,1,0,1
LP001708,0.4596677939727976,-0.290871414111485,-0.8250680246735198,0.752235382211401,-0.5557455548251751,0.8034819294001112,0.2755156404340863,0,0,0,1,0,0,0,1,0,0,1,0,1
LP002961,-0.1743537542174015,0.5958226697758514,0.7846708675314423,-0.326944823362014,0.2976867204037473,0.3163828398259372,0.2755156404340863,1,1,0,0,1,0,0,1,0,0,1,0,1
LP002556,-0.7101792821391184,0.7613397713459549,-0.8250680246735198,-0.4847340503890361,-0.5557455548251751,-0.8479027889123326,0.2755156404340863,1,0,0,1,0,0,0,1,0,0,0,1,1
LP001637,4.147198974007794,-1.826310400471025,0.7846708675314423,4.651346167378621,-0.5557455548251751,1.349983346971136,0.2755156404340863,1,1,0,0,1,0,0,1,0,0,1,0,1
LP001255,-0.5068284685122619,0.6866294522934822,-0.8250680246735198,-0.2697155700361511,-0.5557455548251751,-0.3964450961362688,2.145960710492159,1,0,0,1,0,0,0,1,0,0,0,1,1
LP001319,-0.2991477516294723,-0.9060050000432676,1.321250498266429,-0.3477108667116843,0.06555314154148044,-0.776619995316112,0.2755156404340863,1,1,0,0,0,1,0,0,1,0,0,1,1
LP001978,-0.08157011301883574,-0.275373749171418,-0.8250680246735198,-0.228837531946249,0.2976867204037473,-0.07567252495327613,0.2755156404340863,1,0,0,1,0,0,0,1,0,1,0,0,1
LP001238,0.01121352817972996,-0.7155656406615839,1.589540313633923,0.2780501403685368,-0.5557455548251751,-0.2538795089438276,-4.400597034711095,1,1,1,0,0,0,1,0,1,0,0,1,1
LP001032,-0.3212611861151305,0.1403324147652839,-0.8250680246735198,-0.0735009872046211,-0.5557455548251751,-0.2538795089438276,0.2755156404340863,1,0,0,1,0,0,0,1,0,0,0,1,1
LP002842,-0.2877044358816492,1.343011311619356,0.7846708675314423,-0.3241651167719007,0.04165703783507062,0.4708288926177485,0.2755156404340863,1,1,0,0,1,0,0,1,0,0,0,1,1
LP002926,-0.6651792161578141,1.666161384104442,1.321250498266429,-0.4371520140523901,-0.5557455548251751,-0.4796083553318595,0.2755156404340863,1,1,1,0,0,1,0,1,0,0,1,0,0
LP001289,0.2379148915082255,0.05784192785474561,-0.8250680246735198,0.5177589557277227,-0.5557455548251751,0.7559600670026309,0.2755156404340863,1,0,0,1,0,0,0,1,0,0,0,1,1
LP002659,-0.0206421886317776,-0.2507956904713795,1.589540313633923,-0.3161530213062799,0.6144807809687233,0.04313213104042487,0.2755156404340863,1,1,0,0,0,0,1,1,0,1,0,0,1
LP001421,0.1055435633982718,-0.1456123522816799,-0.8250680246735198,0.02754952295361684,0.1754752185909657,0.3401437710246774,0.2755156404340863,1,1,0,1,0,0,0,1,0,1,0,0,1
LP002272,-0.5052820744922858,1.332554785242745,1.321250498266429,-0.3472203302546055,-0.3905210663408556,-0.1350748529501266,0.2755156404340863,1,1,0,0,0,1,0,1,0,0,1,0,0
LP002347,-0.3656426944884444,0.6263394600323758,-0.8250680246735198,-0.3521256948253937,-0.07202014122542184,-0.09943345615201632,0.2755156404340863,1,1,0,1,0,0,0,1,0,0,1,0,1
LP001098,-0.2877044358816492,-0.2166530523897092,-0.8250680246735198,-0.3105936081260532,0.0133230862974704,-0.3845646305368987,0.2755156404340863,1,1,0,1,0,0,0,1,0,0,1,0,1
LP001002,-0.1822403637192795,0.1148328917330463,-0.8250680246735198,0.07349643776666678,-0.5557455548251751,-3.376631411632076e-16,0.2755156404340863,1,0,0,1,0,0,0,1,0,0,0,1,1
LP002964,-0.2519827340202014,0.5692748290738049,1.321250498266429,-0.2309631899269239,-0.07406837868597126,0.1262953902360156,0.2755156404340863,1,1,0,0,0,1,0,0,1,1,0,0,1
LP002515,-0.2317249723585146,0.5933625419767284,0.7846708675314423,-0.3187692157440336,0.1539687252551968,0.1856977182328661,0.2755156404340863,1,1,1,0,1,0,0,1,0,0,1,0,1
LP002149,0.6916268969692118,-1.080204174802917,1.321250498266429,0.4796606242279339,0.5253824514348239,0.2213391150309764,0.2755156404340863,1,1,0,0,0,1,0,1,0,1,0,0,1
LP002119,-0.1924465642511217,0.3719032129343259,0.7846708675314423,-0.138251799539026,-0.1361982483226368,0.1381758558353857,0.2755156404340863,1,1,0,0,1,0,0,0,1,0,0,1,1
LP001836,-0.5567769953574897,1.821029248687012,1.321250498266429,-0.3225299952483046,-0.5557455548251751,-0.09943345615201632,0.2755156404340863,0,0,0,0,0,1,0,1,0,0,0,1,1
LP001864,-0.324199334753085,0.2193195101201147,1.589540313633923,-0.07660771809945367,-0.5557455548251751,-0.2182381121457173,0.2755156404340863,1,1,0,0,0,0,1,0,1,0,1,0,1
LP001047,-0.389147883592081,0.1920870376855503,-0.8250680246735198,-0.4577545452497007,0.09661807635981322,-0.3608036993381585,0.2755156404340863,1,1,0,1,0,0,0,0,1,0,1,0,0
LP002916,-0.4961583497744269,0.3619193067853682,-0.8250680246735198,-0.507298727414662,-0.0361759856658071,-0.5033692865305998,0.2755156404340863,1,1,0,1,0,0,0,1,0,0,0,1,1
LP001405,-0.528168705987932,-0.05216694700150996,0.7846708675314423,-0.5208702360605095,-0.07850622651716165,-0.7290981329186316,0.2755156404340863,1,1,0,0,1,0,0,1,0,0,0,1,1
LP001310,0.4383275564971274,-0.6999802252215197,-0.8250680246735198,0.0483155663032871,0.8667553615263929,0.3401437710246774,0.2755156404340863,1,1,0,1,0,0,0,1,0,0,1,0,1
LP002361,-0.5394573823337575,0.4765678350293781,-0.8250680246735198,-0.5852940240901952,0.03107447762223198,-0.5508911489280801,0.2755156404340863,1,1,0,1,0,0,0,1,0,0,0,1,1
LP001955,0.07940950446067575,-0.4448983694178596,-0.8250680246735198,-0.0653253795866407,0.3116830097175017,0.05501259663979497,2.145960710492159,0,0,0,1,0,0,0,1,0,1,0,0,1
LP001038,-0.3310034684409799,0.359994220724424,-0.8250680246735198,-0.08380225280327644,-0.5557455548251751,-0.1588357841488668,0.2755156404340863,1,1,0,1,0,0,0,0,1,1,0,0,1
LP001715,-0.2048177164109305,-0.1347301828401846,1.589540313633923,0.04962366352216397,-0.5557455548251751,-0.1944771809469771,0.2755156404340863,1,1,1,0,0,0,1,0,1,1,0,0,1
LP002097,-0.1315186398640636,-0.5660751863937638,0.7846708675314423,-0.1660488654401594,0.05633607296900808,-0.3489232337387884,0.2755156404340863,1,0,0,0,1,0,0,1,0,0,0,1,1
LP001514,-0.03270406198759114,-1.043991638674219,-0.8250680246735198,-0.501902826386795,0.9756533198456033,-0.5508911489280801,0.2755156404340863,0,1,0,1,0,0,0,1,0,0,1,0,1
LP002006,-0.6990452451952905,-0.1859443304240561,-0.8250680246735198,-0.4729611754191443,-0.5557455548251751,-1.073631635300365,0.2755156404340863,0,0,0,1,0,0,0,1,0,1,0,0,1
LP001915,-0.5784574414041553,-0.02993589124909618,1.321250498266429,-0.5066446788052236,-0.2192201442216559,-0.8122613921142223,-2.530151964653022,1,1,0,0,0,1,0,1,0,0,0,1,1
LP002789,0.1285848342959156,-0.8061826318933693,-0.8250680246735198,-0.2953869779566096,0.9005512796254582,-0.1707162497482369,-2.530151964653022,1,1,0,1,0,0,0,1,0,1,0,0,0
LP002201,1.572452930747595,-0.2127277902500545,1.321250498266429,0.6415376550639461,2.131883366325747,2.775639218895548,-0.6597068945949499,1,1,1,0,0,1,0,1,0,1,0,0,1
LP001868,-0.4265706188755026,0.8271825962433074,-0.8250680246735198,-0.5460511075238892,0.1983472035671008,-0.1469553185494967,0.2755156404340863,1,0,0,1,0,0,0,1,0,0,1,0,1
LP001977,-0.5566223559554921,0.4483730304749111,0.7846708675314423,-0.6171788938003189,0.05974980206992377,-0.5984130113255605,0.2755156404340863,1,1,0,0,1,0,0,1,0,0,0,1,1
LP001765,-0.3838901439241623,-0.1249624796149677,0.7846708675314423,-0.475577369856898,0.1454344025029076,-0.5033692865305998,0.2755156404340863,1,1,0,0,1,0,0,1,0,0,1,0,1
LP002335,-0.2538384068441727,1.012933191507998,-0.8250680246735198,-0.531498525963884,0.5492785551412337,0.3757851678227876,0.2755156404340863,0,1,0,1,0,0,0,0,1,0,1,0,0
LP001579,-0.7407978837346451,0.4660632383750252,-0.8250680246735198,-0.5171094565562385,-0.5557455548251751,-0.9904683761047738,2.145960710492159,1,0,0,1,0,0,0,1,0,0,1,0,0
LP001186,0.6916268969692118,0.09746862474903482,0.7846708675314423,0.9975036107508135,-0.5557455548251751,1.658875452554758,0.2755156404340863,0,1,1,0,1,0,0,1,0,0,0,1,0
LP002840,-0.7189937280529821,-2.262510097574926,-0.8250680246735198,-0.4940542430735337,-0.5557455548251751,-1.632013518470759,0.2755156404340863,0,0,0,1,0,0,0,1,0,0,0,1,1
LP001138,-0.2131682441188014,-1.814318915797218,0.7846708675314423,0.04079400729474512,-0.5557455548251751,-1.216197222492806,0.2755156404340863,1,1,0,0,1,0,0,1,0,0,0,1,1
LP001322,-0.4476015775471774,0.617813714831476,-0.8250680246735198,-0.2070904156824211,-0.5557455548251751,-0.2895209057419379,0.2755156404340863,1,0,0,1,0,0,0,1,0,0,1,0,1
LP002776,-0.31352921601525,-0.3804134782096498,-0.8250680246735198,-0.0653253795866407,-0.5557455548251751,-0.5152497521299698,0.2755156404340863,0,0,0,1,0,0,0,1,0,0,1,0,0
LP001384,-0.6498699153600507,1.038194311628754,1.589540313633923,-0.5442524738479335,-0.2983503806161321,-0.6221739425243007,2.145960710492159,1,1,0,0,0,0,1,0,1,0,1,0,1
LP001910,-0.08481754046078555,0.04339799765364705,0.7846708675314423,-0.2201713878711898,0.2724251250569713,0.1381758558353857,0.2755156404340863,1,0,1,0,1,0,0,0,1,0,0,1,0
LP002990,-0.3780138466482532,0.5620494723579377,-0.8250680246735198,-0.1335099471205974,-0.5557455548251751,-0.1588357841488668,0.2755156404340863,0,0,1,1,0,0,0,1,0,0,1,0,0
LP002587,-0.4217767974135767,0.0990530394322682,-0.8250680246735198,-0.4577545452497007,0.02458839233049217,-0.4677278897324894,0.2755156404340863,1,1,0,1,0,0,0,0,1,1,0,0,1
LP002448,-0.2082197832548779,0.2494899604692953,-0.8250680246735198,-0.2373401638689487,0.03585369836351394,0.03125166544105477,0.2755156404340863,1,1,0,1,0,0,0,1,0,1,0,0,0
LP002519,-0.3613127912325114,-0.3001148045483932,1.589540313633923,-0.1158506346657597,-0.5557455548251751,-0.5508911489280801,0.2755156404340863,1,1,0,0,0,0,1,1,0,0,1,0,1
LP002705,-0.5029624834623216,0.5753442821229152,-0.8250680246735198,-0.2656277662271609,-0.5557455548251751,-0.4320864929343791,0.2755156404340863,1,1,0,1,0,0,0,1,0,0,1,0,1
LP001964,-0.3546632969466141,-0.4872908405220033,-0.8250680246735198,-0.5885642671373874,0.4458425633834883,-0.6340544081236709,0.2755156404340863,1,1,0,1,0,0,0,0,1,0,0,1,0
LP002717,-0.0777041279688955,1.019067230497014,-0.8250680246735198,-0.7152861852160838,1.321805450678454,0.8272428605988514,0.2755156404340863,1,1,0,1,0,0,0,1,0,1,0,0,0
LP001894,-0.3378076021288747,0.7805595644085711,-0.8250680246735198,-0.4544843022025085,0.2031264243083827,0.04313213104042487,0.2755156404340863,1,1,0,1,0,0,0,1,0,0,1,0,1
LP002140,0.9107509295998245,-0.01725930174246767,-0.8250680246735198,0.5478451917618906,0.8667553615263929,1.920245695740901,0.2755156404340863,1,0,0,1,0,0,0,1,0,1,0,0,1
LP002555,-0.05589997228723256,0.0004089472651511029,1.321250498266429,-0.1335099471205974,0.1553342168955631,0.1619367870341259,0.2755156404340863,1,1,1,0,0,1,0,1,0,0,1,0,1
LP001241,-0.4217767974135767,0.8539134635156347,-0.8250680246735198,-0.1797838862383665,-0.5557455548251751,-0.1231943873507565,0.2755156404340863,0,0,0,1,0,0,0,1,0,0,1,0,0
LP002877,-0.466003666384893,0.2974984692022042,0.7846708675314423,-0.5915074858798604,0.2061987804992068,-0.4677278897324894,0.2755156404340863,1,1,0,0,1,0,0,1,0,1,0,0,1
LP002342,2.253484857145068,-1.447663682009305,1.321250498266429,-0.6212666976093091,6.271712647006204,1.100493569384364,0.2755156404340863,1,1,1,0,0,1,0,1,0,0,0,1,1
LP001925,-0.4191479275796173,-0.1193320915245386,-0.8250680246735198,-0.4577545452497007,0.03039173180204884,-0.5627716145274502,-0.6597068945949499,0,0,1,1,0,0,0,1,0,0,1,0,1
LP002743,-0.7561071845324084,2.496680257206433,-0.8250680246735198,-0.5332971596398397,-0.5557455548251751,-0.5627716145274502,0.2755156404340863,0,0,0,1,0,0,0,1,0,0,1,0,0
LP001702,-0.5581687499754683,1.472685473539865,-0.8250680246735198,-0.3240016046195411,-0.5557455548251751,-0.2301185777450874,0.2755156404340863,1,0,0,1,0,0,0,1,0,0,1,0,1
LP001871,0.02667746837949091,-0.8206619600256274,-0.8250680246735198,0.2944013556044976,-0.5557455548251751,-0.3132818369406781,0.2755156404340863,0,0,0,1,0,0,0,1,0,1,0,0,1
LP001528,-0.1160546996643027,-0.582018640928041,-0.8250680246735198,0.1434796389765791,-0.5557455548251751,-0.3370427681394183,0.2755156404340863,1,0,0,1,0,0,0,1,0,1,0,0,0
LP001443,-0.5157975538281232,0.133289246509535,-0.8250680246735198,-0.2791992748730084,-0.5557455548251751,-0.6340544081236709,0.2755156404340863,0,0,0,1,0,0,0,1,0,1,0,0,1
LP002459,-0.421622158011579,0.3846652706997868,-0.8250680246735198,-0.1796203740860069,-0.5557455548251751,-0.3370427681394183,0.2755156404340863,1,1,0,1,0,0,0,1,0,0,0,1,1
LP002537,-0.277498235349807,0.05164451987838536,-0.8250680246735198,-0.5422903280196182,0.5195791119632671,-0.2182381121457173,0.2755156404340863,1,1,0,1,0,0,0,1,0,0,1,0,1
LP001641,-0.749921608452504,0.7056232234658202,0.7846708675314423,-0.5267566735454554,-0.5557455548251751,-0.9548269793066635,-0.6597068945949499,1,1,1,0,1,0,0,1,0,1,0,0,0
LP002219,1.038946993855843,-1.62758929817201,1.589540313633923,0.5478451917618906,1.149753503992303,-0.1944771809469771,0.2755156404340863,1,1,0,0,0,0,1,1,0,1,0,0,1
LP002175,0.0085846583457706,-0.6318246619222335,-0.8250680246735198,-0.1062034176765428,0.2406774444184553,-0.1944771809469771,0.2755156404340863,1,1,0,1,0,0,0,1,0,0,0,1,1
LP002928,-0.09455982278663494,-1.709197612703802,-0.8250680246735198,-0.3923496843058574,0.6103843060476245,-1.073631635300365,-2.530151964653022,1,1,0,1,0,0,0,1,0,0,1,0,1
LP002777,-0.3443024570127743,-0.1216488494210714,-0.8250680246735198,-0.4275047970631731,0.132462231919428,-0.4320864929343791,0.2755156404340863,1,1,0,1,0,0,0,1,0,1,0,0,1
LP002281,-0.3920860322300356,-0.3189978282794526,-0.8250680246735198,-0.3869537832779903,-0.05768247900157594,-0.6102934769249306,0.2755156404340863,1,1,0,1,0,0,0,1,0,0,0,1,1
LP001095,-0.5969832398768682,-0.07082610329367843,-0.8250680246735198,-0.3650431548618028,-0.5557455548251751,-0.8597832545117027,0.2755156404340863,1,0,0,1,0,0,0,1,0,0,0,1,1
LP002478,-0.1332196732860373,0.2182593021145307,-0.8250680246735198,-0.5422903280196182,0.838080037078701,0.1619367870341259,0.2755156404340863,1,1,1,1,0,0,0,1,0,0,1,0,0
LP002408,0.2623479170238478,-0.2869403491699907,-0.8250680246735198,-0.2844316637485159,1.17296686187853,0.4827093582171186,0.2755156404340863,1,0,0,1,0,0,0,1,0,0,1,0,1
LP002892,-0.07538453693893137,0.8223116931517102,1.321250498266429,0.1864833350471561,-0.5557455548251751,0.6965577390057803,0.2755156404340863,1,1,0,0,0,1,0,1,0,0,1,0,1
LP002517,-0.4445087895072253,0.3593434697133124,0.7846708675314423,-0.4490884011746414,-0.04368618968782162,-0.3964450961362688,-2.530151964653022,1,1,0,0,1,0,0,0,1,1,0,0,0
LP002960,-0.1279619336181186,-0.04373727547423196,-0.8250680246735198,-0.4904569757216223,0.741471503522787,-3.376631411632076e-16,-2.530151964653022,1,1,0,1,0,0,0,0,1,0,0,1,1
LP001401,1.168380173327842,-1.266207871437757,0.7846708675314423,1.501611576475486,-0.5557455548251751,0.4589484270183783,-2.530151964653022,1,1,0,0,1,0,0,1,0,1,0,0,1
LP001691,-0.4810036883786611,0.857156373615313,1.321250498266429,-0.2424090405920965,-0.5557455548251751,-0.2657599745431977,0.2755156404340863,1,1,0,0,0,1,0,0,1,0,1,0,1
LP001504,-0.01198238211991146,0.1321987340645568,-0.8250680246735198,0.2535233175145956,-0.5557455548251751,0.3401437710246774,-2.530151964653022,1,0,1,1,0,0,0,1,0,0,1,0,1
LP002429,-0.3636323822624755,0.4256374422531508,0.7846708675314423,-0.3161530213062799,-0.1426843336143766,-0.1944771809469771,0.2755156404340863,1,1,1,0,1,0,0,1,0,1,0,0,1
LP001014,-0.2300239389365409,0.5060367935347282,1.589540313633923,-0.3864632468209115,0.2990522120441136,0.1381758558353857,0.2755156404340863,1,1,0,0,0,0,1,1,0,0,1,0,0
LP002731,1.722298511283279,-1.915907066924114,-0.8250680246735198,2.087312106227603,-0.5557455548251751,-0.2538795089438276,0.2755156404340863,0,0,1,1,0,0,0,0,1,0,0,1,1
LP001041,-0.1434258738178796,-0.5760115116699853,-0.8250680246735198,-0.4577545452497007,0.6390596304953163,-0.3726841649375286,0.2755156404340863,1,1,0,1,0,0,0,1,0,0,0,1,1
LP001594,0.665802116835611,-0.83926223731888,-0.8250680246735198,0.05044122428396201,1.3644770644399,0.4827093582171186,0.2755156404340863,1,1,0,1,0,0,0,1,0,0,1,0,1
LP002502,-0.6031688159567726,0.8216822894030582,1.321250498266429,-0.8485485893891647,0.4400392239119316,-0.5746520801268203,0.2755156404340863,0,1,0,0,0,1,0,0,1,0,1,0,1
LP001195,-0.5110037323661973,0.2000045307522059,-0.8250680246735198,-0.5342782325539974,-0.01262125486948884,-0.5984130113255605,0.2755156404340863,1,1,0,1,0,0,0,1,0,0,1,0,1
LP002387,-0.3498694754846882,0.6728802511255579,-0.8250680246735198,-0.4863691719126321,0.2430670547890963,-0.04003112815516582,0.2755156404340863,1,1,0,1,0,0,0,1,0,0,1,0,1
LP002130,-0.04244634431344053,-0.166798042382986,-0.8250680246735198,-0.3068328286217822,0.5468889447705927,0.06689306223916507,0.2755156404340863,1,1,0,1,0,0,0,0,1,1,0,0,0
LP002501,1.4945146721408,-1.948520753258264,-0.8250680246735198,1.8464587058019,-0.5557455548251751,-0.4320864929343791,0.2755156404340863,1,1,0,1,0,0,0,1,0,0,1,0,1
LP002435,-0.3266735651850468,-1.433625818615558,-0.8250680246735198,-0.3042166341840284,-0.08601643053917617,-1.085512100899735,0.2755156404340863,1,1,0,1,0,0,0,1,0,1,0,0,1
LP002051,-0.3804880770802149,0.1322868919788738,-0.8250680246735198,-0.4904569757216223,0.1840095413432549,-0.3726841649375286,0.2755156404340863,1,1,0,1,0,0,0,1,0,0,1,0,1
LP001151,-0.1163639784682979,-0.1175843318976059,-0.8250680246735198,-0.228837531946249,0.2208778156331443,-0.02815066255579573,0.2755156404340863,0,0,0,1,0,0,0,1,0,0,1,0,1
LP001896,-0.4836325582126205,-0.1031774720595622,1.321250498266429,-0.2451887471822099,-0.5557455548251751,-0.6696958049217812,0.2755156404340863,1,1,0,0,0,1,0,1,0,0,1,0,1
LP001066,0.3916264570938494,-0.4499116074573886,-0.8250680246735198,0.6802900351731733,-0.5557455548251751,0.5302312206145989,0.2755156404340863,1,1,1,1,0,0,0,1,0,0,1,0,1
LP002473,0.2020385502447801,-0.537283997391946,-0.8250680246735198,0.4798241363802935,-0.5557455548251751,0.1619367870341259,0.2755156404340863,1,1,0,1,0,0,0,1,0,0,1,0,1
LP001743,-0.2012610101649855,-0.4186400894020991,1.321250498266429,-0.2273659225750126,0.03039173180204884,-0.3608036993381585,0.2755156404340863,1,1,0,0,0,1,0,1,0,0,1,0,1
LP002158,-0.3651787762824516,-0.2873307988465659,-0.8250680246735198,-0.3923496843058574,0.01298171338737883,-0.5508911489280801,2.145960710492159,1,1,0,1,0,0,0,0,1,0,0,1,0
LP002945,0.453946136098886,-0.6639431260688122,-0.8250680246735198,0.7461854325740954,-0.5557455548251751,0.3995460990215279,0.2755156404340863,1,1,1,1,0,0,0,1,0,1,0,0,1
LP001819,-0.06486905760309392,-0.3655891715929136,0.7846708675314423,0.1976021614076095,-0.5557455548251751,-0.1113139217513864,-2.530151964653022,1,1,0,0,1,0,0,0,1,0,0,1,1
LP001123,-0.7155916612090347,0.8116152500971705,-0.8250680246735198,-0.4904569757216223,-0.5557455548251751,-0.8479027889123326,0.2755156404340863,1,1,0,1,0,0,0,1,0,0,0,1,1
LP002377,0.2468839768240869,-0.7393293028554481,0.7846708675314423,0.5272426605645799,-0.5557455548251751,0.04313213104042487,0.2755156404340863,0,0,1,0,1,0,0,1,0,0,1,0,1
LP002332,-0.4239417490415432,0.186494753319924,-0.8250680246735198,-0.5144932621184848,0.1382655713909846,-0.4320864929343791,0.2755156404340863,1,1,0,1,0,0,0,0,1,1,0,0,1
LP002319,-0.1193021271062525,0.1764763283650624,-0.8250680246735198,0.1400458837770274,-0.5557455548251751,0.1619367870341259,0.2755156404340863,1,1,0,1,0,0,0,1,0,0,0,1,0
LP001938,-0.4063128572138157,0.5445153429861671,1.321250498266429,-0.1634326710024057,-0.5557455548251751,-0.2301185777450874,0.2755156404340863,1,1,0,0,0,1,0,1,0,0,1,0,0
LP002792,-0.08157011301883574,-2.238411308246572,0.7846708675314423,0.01119830771765601,-0.2034487116106759,-1.430045603281467,0.2755156404340863,1,1,0,0,1,0,0,1,0,0,1,0,1
LP002560,-0.238683745448407,-0.7267766812939629,-0.8250680246735198,-0.4415668421660995,0.3949779997798445,-0.5984130113255605,0.2755156404340863,1,0,0,1,0,0,0,0,1,0,1,0,0
LP002366,-0.009508151687949712,-0.7419302427414959,-0.8250680246735198,-0.4469627431939666,0.9121579585685715,-0.301401371341308,0.2755156404340863,1,1,0,1,0,0,0,1,0,1,0,0,1
LP001536,5.098695214499085,-1.007165953004911,1.589540313633923,5.657436440847292,-0.5557455548251751,5.389341650756969,-2.530151964653022,1,1,0,0,0,0,1,1,0,0,1,0,0
LP001449,-0.2354363180064572,0.2898607491430069,-0.8250680246735198,-0.2509116725147961,0.004106017724998034,-3.376631411632076e-16,0.2755156404340863,1,0,0,1,0,0,0,1,0,1,0,0,1
LP002143,-0.633942056954297,2.283340603486578,-0.8250680246735198,-0.4866961962173514,-0.3833522352289327,-0.1944771809469771,0.2755156404340863,0,1,0,1,0,0,0,1,0,0,1,0,1
LP001398,-0.3057972459153696,-0.07078411299891624,-0.8250680246735198,-0.05714977196866027,-0.5557455548251751,-0.3370427681394183,0.2755156404340863,1,0,0,1,0,0,0,1,0,0,1,0,1
LP001603,-0.3011580638554412,-0.7692516541949879,-0.8250680246735198,-0.1725893515345438,-0.3044950929977803,-0.7053372017198914,0.2755156404340863,1,1,1,1,0,0,0,0,1,0,1,0,1
LP001197,-0.226003314484603,0.02861486363869596,-0.8250680246735198,-0.3325042365422407,0.1952748473762767,-0.1350748529501266,0.2755156404340863,1,1,0,1,0,0,0,1,0,1,0,0,1
LP002098,-0.6328595811403136,1.05115361897136,-0.8250680246735198,-0.4029779742092319,-0.5557455548251751,-0.5746520801268203,0.2755156404340863,1,0,0,1,0,0,0,1,0,0,1,0,1
LP001749,0.2413169583521729,-0.4053430398373529,-0.8250680246735198,0.3562089491964296,-0.2109589156326904,0.3401437710246774,0.2755156404340863,1,1,0,1,0,0,0,1,0,0,1,0,1
LP001036,-0.5439419249916881,-0.2626184693853545,-0.8250680246735198,-0.3089584866024571,-0.5557455548251751,-0.8360223233129626,0.2755156404340863,0,0,0,1,0,0,0,1,0,0,0,1,0
LP001994,-0.4274984552874882,0.04445973010882424,-0.8250680246735198,-0.4904569757216223,0.0802321766754179,-0.5033692865305998,0.2755156404340863,0,0,0,1,0,0,0,1,0,0,0,1,0
LP001854,-0.2748693655158476,-0.6820849560641815,1.589540313633923,-0.02444734149673861,-0.5557455548251751,-0.6221739425243007,0.2755156404340863,1,1,0,0,0,0,1,1,0,0,0,1,1
LP002024,-0.4193025669816149,1.437253079212158,-0.8250680246735198,-0.478520588599371,0.07340471847358652,0.1500563214347558,0.2755156404340863,1,1,0,1,0,0,0,1,0,1,0,0,1
LP002917,-0.7519319206784729,0.9327839641445577,-0.8250680246735198,-0.5288823315261303,-0.5557455548251751,-0.9073051169091831,0.2755156404340863,0,0,0,1,0,0,0,0,1,0,1,0,1
LP001656,0.7689465979680166,-1.156444700393746,-0.8250680246735198,1.079259686930618,-0.5557455548251751,0.2094586494316063,0.2755156404340863,1,0,0,1,0,0,0,1,0,0,1,0,1
LP002494,-0.1588898140176405,-0.07447809254091961,-0.8250680246735198,0.09818677277296764,-0.5557455548251751,-0.07567252495327613,0.2755156404340863,1,0,0,1,0,0,0,1,0,1,0,0,1
LP002741,0.06580123708488611,-0.5836311930499068,0.7846708675314423,-0.1294221433116071,0.4154603743853386,-0.07567252495327613,-2.530151964653022,0,1,0,0,1,0,0,1,0,0,1,0,1
LP001908,-0.4527046778130985,0.6990051847298137,-0.8250680246735198,-0.2124863167102882,-0.5557455548251751,-0.2657599745431977,0.2755156404340863,0,1,0,1,0,0,0,0,1,1,0,0,1
LP001325,-0.5269315907719512,-1.9131411030281,-0.8250680246735198,-0.2909721498429002,-0.5557455548251751,-1.441926068880838,-3.465374499682059,1,0,0,1,0,0,0,0,1,0,1,0,1
LP001634,-0.007497839461980789,-1.611591199131248,-0.8250680246735198,-0.5695968574636728,1.172625488968439,-0.9429465137072934,0.2755156404340863,1,0,0,1,0,0,0,1,0,1,0,0,1
LP002446,-0.5355913972838172,1.239508987238549,1.321250498266429,-0.5053365815863468,-0.127322552660256,-0.2538795089438276,0.2755156404340863,1,1,0,0,0,1,0,0,1,1,0,0,0
LP002113,-0.8037361203476722,6.26621880308316,1.589540313633923,-0.5836589025665991,-0.5557455548251751,-3.376631411632076e-16,0.2755156404340863,0,0,0,0,0,0,1,0,1,0,0,1,0
LP002053,-0.3860550955521289,0.3770034949032043,1.589540313633923,-0.172916375839263,-0.4912260748178685,-0.2657599745431977,0.2755156404340863,1,1,0,0,0,0,1,1,0,0,1,0,1
LP001011,0.3998223453997227,0.4226543925631904,1.321250498266429,0.002859187947315983,0.8766551759190484,1.433146606166727,0.2755156404340863,1,1,1,0,0,1,0,1,0,0,0,1,1
LP001137,-0.5594058651914491,0.2023320518485686,-0.8250680246735198,-0.325309701838418,-0.5557455548251751,-0.6934567361205213,0.2755156404340863,0,0,0,1,0,0,0,1,0,0,0,1,1
LP001974,-0.31352921601525,0.2687664865020458,-0.8250680246735198,-0.0653253795866407,-0.5557455548251751,-0.1707162497482369,0.2755156404340863,0,0,0,1,0,0,0,1,0,1,0,0,1
LP002296,-0.6606946734998833,-0.04536202511638013,-0.8250680246735198,-0.4324101616339614,-0.5557455548251751,-0.9667074449060336,-0.6597068945949499,1,0,0,1,0,0,0,0,1,1,0,0,1
LP002263,-0.3602303154185281,0.1728203922768092,-0.8250680246735198,-0.4605342518398141,0.1662581500184933,-0.3132818369406781,0.2755156404340863,1,1,0,1,0,0,0,1,0,0,0,1,0
LP001034,-0.5306429364198938,0.4264362167216174,0.7846708675314423,-0.2948964414995308,-0.5557455548251751,-0.5508911489280801,-1.594929429623986,1,0,0,0,1,0,0,0,1,0,0,1,1
LP001146,-0.1457454648478437,-0.4788398514613509,-0.8250680246735198,-0.4503964983935183,0.6185772558898222,-0.3132818369406781,0.2755156404340863,0,1,0,1,0,0,0,1,0,0,0,1,0
LP002936,0.02033725289758892,-0.4660187683624457,-0.8250680246735198,-0.2518927454289538,0.5707850484770025,-0.05191159375453593,-2.530151964653022,1,1,0,1,0,0,0,1,0,1,0,0,1
LP002619,-0.26760131362196,-0.06595550919509675,-0.8250680246735198,-0.2592507922851362,-0.04948952915937829,-0.2657599745431977,-0.6597068945949499,1,1,0,1,0,0,0,0,1,0,1,0,1
LP001006,-0.322652940733109,0.0322166863252906,-0.8250680246735198,-0.4605342518398141,0.2492117671707445,-0.3132818369406781,0.2755156404340863,1,1,0,1,0,0,0,0,1,0,0,1,1
LP002110,-0.1684774569414923,0.3297781387993133,0.7846708675314423,-0.02444734149673861,-0.3208809926821756,0.1619367870341259,0.2755156404340863,1,1,0,0,1,0,0,1,0,1,0,0,1
LP002453,0.008893937149765819,-1.359104447324931,-0.8250680246735198,0.2755974580831427,-0.5557455548251751,-0.7409785985180017,0.2755156404340863,1,0,1,1,0,0,0,1,0,0,1,0,1
LP002950,-0.2074465862448899,0.3650171188917719,-0.8250680246735198,-0.4096819724559758,0.3973676101504854,0.1025344590372754,0.2755156404340863,1,1,1,1,0,0,0,0,1,1,0,0,1
LP002444,-0.420075763991603,2.246896284348701,0.7846708675314423,-0.4301209915009269,-0.02934852746397572,0.5183507550152289,0.2755156404340863,1,0,1,0,1,0,0,0,1,0,1,0,0
LP002043,-0.5391481035297623,0.8540898860163705,0.7846708675314423,-0.3038896098793092,-0.5557455548251751,-0.4083255617356389,0.2755156404340863,0,0,0,0,1,0,0,1,0,0,1,0,0
LP001754,-0.3545086575446165,0.5759704635399949,-0.8250680246735198,-0.1086560999619369,-0.5557455548251751,-0.09943345615201632,0.2755156404340863,1,1,1,1,0,0,0,0,1,0,0,1,1
LP001068,-0.3054879671113743,0.01680093162882459,-0.8250680246735198,-0.4252156269301386,0.2133676116111298,-0.2895209057419379,0.2755156404340863,1,1,0,1,0,0,0,1,0,0,1,0,1
LP002407,0.01770838306362956,-0.523421256722072,-0.8250680246735198,0.2849176507676404,-0.5557455548251751,-0.09943345615201632,0.2755156404340863,0,1,1,1,0,0,0,0,1,1,0,0,1
LP001875,0.07956414386267337,-0.4451955350581829,-0.8250680246735198,-0.2133038774720862,0.6209668662604632,0.05501259663979497,0.2755156404340863,1,0,0,1,0,0,0,1,0,1,0,0,1
LP001155,-0.5343542820678364,0.4473492593562808,-0.8250680246735198,-0.5676347116353575,0.005471509365364309,-0.5508911489280801,0.2755156404340863,0,1,0,1,0,0,0,0,1,0,1,0,1
LP001768,-0.5120862081801806,-1.421062865240718,-0.8250680246735198,-0.2752749832163778,-0.5557455548251751,-1.239958153691546,-2.530151964653022,1,1,0,1,0,0,0,1,0,1,0,0,1
LP001112,-0.2940446513635512,0.4581568608587186,-0.8250680246735198,-0.2832870786819986,-0.05768247900157594,-0.02815066255579573,0.2755156404340863,0,1,0,1,0,0,0,1,0,0,1,0,1
LP001546,-0.3037869336894006,-0.03328544174850882,-0.8250680246735198,-0.3956199273530495,0.1553342168955631,-0.3132818369406781,0.2755156404340863,1,0,0,1,0,0,0,1,0,1,0,0,1
LP001792,-0.574096608381222,0.5552200580740033,0.7846708675314423,-0.3408433563125807,-0.5557455548251751,-0.5984130113255605,0.2755156404340863,1,1,0,0,1,0,0,1,0,0,1,0,1
LP002925,-0.3521890665146524,-0.4711337273617379,-0.8250680246735198,-0.1062034176765428,-0.5557455548251751,-0.6221739425243007,0.2755156404340863,1,0,0,1,0,0,0,1,0,0,1,0,1
LP001608,-0.5201274570840563,0.3992183255184223,1.321250498266429,-0.5485037898092833,-0.003062813386924914,-0.53901068332871,0.2755156404340863,1,1,0,0,0,1,0,1,0,1,0,0,1
LP002670,-0.520282096486054,0.7667357433253374,1.321250498266429,-0.5507929599423178,0.001375034444265482,-0.3964450961362688,2.145960710492159,0,1,0,0,0,1,0,1,0,0,1,0,1
LP002160,0.2020385502447801,-7.458955558346134e-05,1.589540313633923,-0.0380188501425861,0.5253824514348239,0.6371554110089298,0.2755156404340863,1,1,0,0,0,0,1,1,0,0,1,0,1
LP001665,-0.2040445194009425,0.6473907435225973,0.7846708675314423,-0.3719106652609063,0.3260206719413475,0.2807414430278269,0.2755156404340863,1,1,0,0,1,0,0,1,0,0,1,0,1
LP002683,-0.06641545162307001,0.4521933640938611,-0.8250680246735198,-0.1171587318846365,0.09798356800017949,0.4589484270183783,0.2755156404340863,1,0,0,1,0,0,0,1,0,0,1,0,1
LP002106,0.4585853181588143,-1.902079738555326,-0.8250680246735198,0.0169212330502423,0.9770188114859696,-0.9073051169091831,0.2755156404340863,1,1,1,1,0,0,0,1,0,0,1,0,1
LP002933,0.3602346584883346,0.8067557246696992,1.589540313633923,0.6470970682441728,-0.5557455548251751,1.730158246150979,0.2755156404340863,1,0,1,0,0,0,1,1,0,0,1,0,1
LP002697,-0.040281392685474,-0.2651399544014099,-0.8250680246735198,-0.1176492683417154,0.1566997085359293,-3.376631411632076e-16,0.2755156404340863,1,0,0,1,0,0,0,1,0,0,1,0,1
LP001233,0.5756473454710047,0.5623811618006797,0.7846708675314423,0.8748694964811072,-0.5557455548251751,1.967767558138381,0.2755156404340863,1,1,0,0,1,0,0,1,0,0,0,1,1
LP002087,-0.7001277210092738,0.3135375185511283,-0.8250680246735198,-0.4741057604856616,-0.5557455548251751,-0.9429465137072934,0.2755156404340863,0,0,0,1,0,0,0,1,0,0,0,1,1
LP001580,0.1503889899775785,0.1120678743302573,1.321250498266429,0.4252110774921843,-0.5557455548251751,0.6371554110089298,0.2755156404340863,1,1,0,0,0,1,0,1,0,0,1,0,1
LP002103,0.717297037700815,-0.9399515976785486,0.7846708675314423,0.7249288527673464,0.06999098937267084,0.4233070302202681,-2.530151964653022,1,1,1,0,1,0,0,1,0,0,0,1,1
LP001570,-0.2185806231887178,0.4639598923505214,1.321250498266429,-0.2015310025021944,-0.06177895392267477,0.1381758558353857,0.2755156404340863,1,1,0,0,0,1,0,1,0,1,0,0,1
LP002004,-0.2621889345520437,-0.3560463486135437,-0.8250680246735198,-0.4042860714281088,0.2652562939450483,-0.420206027335009,0.2755156404340863,1,0,0,1,0,0,0,0,1,0,1,0,1
LP001664,-0.4386324922313161,0.5186766568089499,-0.8250680246735198,-0.1976067108455638,-0.5557455548251751,-0.3132818369406781,0.2755156404340863,1,0,0,1,0,0,0,1,0,1,0,0,1
LP001532,-0.7339937500467503,2.858734379095043,1.321250498266429,-0.5099149218524157,-0.5557455548251751,-0.3964450961362688,0.2755156404340863,1,1,0,0,0,1,0,0,1,1,0,0,1
LP002112,0.01121352817972996,0.08842120247334738,1.321250498266429,-0.4741057604856616,1.014569831596042,0.3520242366240475,0.2755156404340863,1,1,1,0,0,1,0,1,0,1,0,0,1
LP002137,0.6013174862026078,-0.03045625206270872,-0.8250680246735198,0.1526363195087172,1.008766492124485,1.338102881371766,0.2755156404340863,1,1,0,1,0,0,0,1,0,0,1,0,0
LP002615,0.5352864615496286,-0.4665643148349388,1.321250498266429,-0.08739952015518782,1.364135691529809,0.7321991358038906,0.2755156404340863,1,1,0,0,0,1,0,1,0,0,1,0,1
LP002126,-0.5960554034648826,-0.07577150926678364,1.589540313633923,-0.3640620819476451,-0.5557455548251751,-0.8597832545117027,0.2755156404340863,1,1,0,0,0,0,1,0,1,0,1,0,1
LP001356,0.1867292494470167,-0.6967126438883837,-0.8250680246735198,-0.1222276086077844,0.6673935820329165,-3.376631411632076e-16,0.2755156404340863,1,1,0,1,0,0,0,1,0,0,1,0,1
LP002301,0.0639455642609148,0.2320278866241129,-0.8250680246735198,0.3338077843231633,-0.5557455548251751,0.5658726174127092,0.2755156404340863,0,0,1,1,0,0,0,1,0,1,0,0,1
LP001253,0.001935164059873391,0.2869547182719854,1.589540313633923,-0.02183114705898487,0.04984998767726827,0.4827093582171186,0.2755156404340863,1,1,1,0,0,0,1,1,0,0,1,0,1
LP002401,-0.570539902135277,2.221842119085138,-0.8250680246735198,-0.5210337482128691,-0.17170103097216,-3.376631411632076e-16,0.2755156404340863,1,1,0,1,0,0,0,1,0,0,0,1,1
LP002931,-0.1588898140176405,1.13807069212173,1.321250498266429,0.09818677277296764,-0.5557455548251751,0.6965577390057803,-1.594929429623986,1,1,1,0,0,1,0,1,0,0,1,0,1
LP001426,0.2020385502447801,-0.268679293473765,-0.8250680246735198,0.04373722603721807,0.3546959963890394,0.3995460990215279,0.2755156404340863,1,1,0,1,0,0,0,1,0,1,0,0,1
LP002288,-0.6399729936322037,-0.9427013776049019,1.321250498266429,-0.4104995332177739,-0.5557455548251751,-1.204316756893436,-2.530151964653022,1,1,0,0,0,1,0,0,1,0,0,1,0
LP002362,0.2921933216093864,-1.305384406185229,0.7846708675314423,0.3025769632224781,0.0133230862974704,-0.4320864929343791,0.2755156404340863,1,1,0,0,1,0,0,1,0,0,0,1,0
LP002600,-0.639045157220218,0.9868041438557243,0.7846708675314423,-0.4095184603036162,-0.5557455548251751,-0.6102934769249306,0.2755156404340863,1,1,1,0,1,0,0,1,0,0,1,0,1
LP001699,-0.7033751484512236,-0.02225425187589488,-0.8250680246735198,-0.4775395156852133,-0.5557455548251751,-1.037990238502254,0.2755156404340863,1,0,0,1,0,0,0,1,0,0,0,1,1
LP002582,1.582813770681435,-1.227296075379992,-0.8250680246735198,1.939824144799236,-0.5557455548251751,0.9341670509931823,0.2755156404340863,0,0,1,1,0,0,0,0,1,0,1,0,1
LP002180,-0.03177622557560548,-0.3727547572478675,-0.8250680246735198,0.2325937620125657,-0.5557455548251751,-0.06379205935390603,0.2755156404340863,1,0,1,1,0,0,0,1,0,1,0,0,1
LP002141,-0.35234370591665,-0.4470986530252287,1.589540313633923,-0.4469627431939666,0.1553342168955631,-0.6102934769249306,0.2755156404340863,1,1,0,0,0,0,1,1,0,1,0,0,1
LP002345,-0.4994057772163766,0.6145337092676292,-0.8250680246735198,-0.7152861852160838,0.3908815248587457,-0.4083255617356389,0.2755156404340863,1,1,0,1,0,0,0,1,0,1,0,0,1
LP001018,-0.2312610541525217,0.7129805875703822,1.321250498266429,-0.2278564590320914,-0.03481049402544083,0.2569805118290867,0.2755156404340863,1,1,0,0,0,1,0,1,0,0,0,1,1
LP002255,0.3308531721087888,-0.4273016960766964,1.589540313633923,0.6160297592958472,-0.5557455548251751,0.4589484270183783,0.2755156404340863,1,0,0,0,0,0,1,1,0,1,0,0,1
LP001109,-0.5983749944948467,0.858133599974008,-0.8250680246735198,-0.5839859268713183,-0.1017195844033883,-0.5508911489280801,0.2755156404340863,1,1,0,1,0,0,0,1,0,0,0,1,0
LP001497,0.0150795132296702,0.2200681709398858,1.321250498266429,-0.05845786918753714,0.1553342168955631,0.4589484270183783,0.2755156404340863,1,1,0,0,0,1,0,1,0,1,0,0,1
LP001846,-0.6099729496446674,6.571592588353122,1.589540313633923,-0.3787781756600099,-0.5557455548251751,1.290581018974285,0.2755156404340863,0,0,0,0,0,0,1,1,0,1,0,0,1
LP001990,-0.7774474220080785,5.505269866378415,-0.8250680246735198,-0.5558618366654657,-0.5557455548251751,-3.376631411632076e-16,0.2755156404340863,1,0,0,1,0,0,0,0,1,0,0,1,1
LP002785,-0.06873504265303415,0.0002763143565685788,0.7846708675314423,-0.3379001375701078,0.5537164029724241,0.1381758558353857,0.2755156404340863,1,1,0,0,1,0,0,1,0,0,0,1,1
LP001199,-0.1254877031861568,-0.09320471469787199,1.321250498266429,-0.3339758459134772,0.4202395951266206,-0.02815066255579573,0.2755156404340863,1,1,0,0,0,1,0,0,1,0,0,1,1
LP001391,0.1018322177503291,-0.4726175721863511,-0.8250680246735198,-0.2988207331561614,0.8486625972915397,0.06689306223916507,0.2755156404340863,1,1,0,1,0,0,0,0,1,1,0,0,0
LP002181,-0.1254877031861568,-0.2912747567425578,-0.8250680246735198,0.1335053976826431,-0.5557455548251751,-0.1588357841488668,0.2755156404340863,1,0,0,1,0,0,0,0,1,1,0,0,1
LP002357,-0.6661070525697996,0.6058660219304313,-0.8250680246735198,-0.4381330869665477,-0.5557455548251751,-0.7885004609154821,0.2755156404340863,0,0,0,1,0,0,0,0,1,0,0,1,0
LP002187,-0.7001277210092738,1.611897447974519,-0.8250680246735198,-0.4741057604856616,-0.5557455548251751,-0.5984130113255605,2.145960710492159,1,0,0,1,0,0,0,1,0,0,1,0,1
LP001872,-0.2878590752836468,0.08715174635094783,-0.8250680246735198,-0.03818236229494571,-0.5557455548251751,-0.2182381121457173,0.2755156404340863,1,0,1,1,0,0,0,1,0,0,1,0,1
LP002634,0.9641015232889998,-2.348532788071716,0.7846708675314423,1.285612023208443,-0.5557455548251751,-1.263719084890286,0.2755156404340863,0,0,0,0,1,0,0,1,0,0,0,1,1
LP001963,-0.3229622195371042,-0.1253164953367499,0.7846708675314423,-0.5535726665324312,0.4427702071926641,-0.3964450961362688,0.2755156404340863,1,1,0,0,1,0,0,1,0,0,0,1,1
LP001529,-0.1083227295644222,0.00282924508136977,-0.8250680246735198,-0.4615153247539717,0.7244028580182086,0.06689306223916507,0.2755156404340863,1,1,1,1,0,0,0,1,0,1,0,0,1
LP001883,-0.5581687499754683,1.734657574470716,-0.8250680246735198,-0.3240016046195411,-0.5557455548251751,-0.1350748529501266,0.2755156404340863,0,0,0,1,0,0,0,1,0,1,0,0,1
LP002720,-0.4247149460515313,-0.07160212108249954,1.589540313633923,-0.1828906171331991,-0.5557455548251751,-0.5508911489280801,0.2755156404340863,1,1,0,0,0,0,1,1,0,0,0,1,1
LP002755,-0.3501787542886834,0.321799903008643,0.7846708675314423,-0.5167824322515193,0.305879670245945,-0.2182381121457173,0.2755156404340863,1,1,0,0,1,0,0,0,1,0,0,1,1
LP001114,0.6724516111215082,-0.875759924924287,-0.8250680246735198,-0.201694514654554,1.905553126935037,0.4470679614190083,0.2755156404340863,1,0,0,1,0,0,0,1,0,0,0,1,1
LP002434,-0.3673437279104181,-0.03951074879378613,1.321250498266429,-0.1222276086077844,-0.5557455548251751,-0.4320864929343791,0.2755156404340863,1,1,0,0,0,1,0,0,1,1,0,0,1
LP001998,0.09889406911237456,0.01462212014751756,1.321250498266429,0.3707615307564348,-0.5557455548251751,0.4589484270183783,0.2755156404340863,1,1,0,0,0,1,0,0,1,1,0,0,0
LP001673,0.6143071959704071,-1.841577160538795,-0.8250680246735198,0.9157475345710093,-0.5557455548251751,-0.7528590641173718,0.2755156404340863,1,0,1,1,0,0,0,1,0,0,0,1,1
LP002536,-0.6081172768206962,1.400410375742666,1.589540313633923,-0.3768160298316945,-0.5557455548251751,-0.3964450961362688,0.2755156404340863,1,1,0,0,0,0,1,0,1,1,0,0,1
LP002188,-0.2943539301675464,0.02250833520006675,-0.8250680246735198,-0.04504987269404926,-0.5557455548251751,-0.2657599745431977,0.2755156404340863,1,0,0,1,0,0,0,1,0,1,0,0,0
LP001518,-0.6285296778843805,-1.552869045652285,0.7846708675314423,-0.6314044510556047,-0.06928915794468929,-1.382523740883987,0.2755156404340863,1,1,0,0,1,0,0,1,0,0,0,1,1
LP002868,-0.5269315907719512,0.6531542423267647,1.321250498266429,-0.3663512520806796,-0.3983726432729617,-0.4558474241331193,-4.02650802069948,1,1,0,0,0,1,0,1,0,0,0,1,1
LP002767,-0.3571375273785759,0.9910243905545607,-0.8250680246735198,-0.4302845036532865,0.1099316198533844,0.1025344590372754,0.2755156404340863,1,1,0,1,0,0,0,1,0,1,0,0,1
LP001519,0.717297037700815,-0.5273949419888208,-0.8250680246735198,0.752235382211401,0.01298171338737883,0.9341670509931823,0.2755156404340863,0,0,0,1,0,0,0,1,0,1,0,0,1
LP002390,-0.5068284685122619,0.2986138412014342,-0.8250680246735198,-0.2697155700361511,-0.5557455548251751,-0.5508911489280801,0.2755156404340863,1,0,0,1,0,0,0,1,0,0,0,1,1
LP002139,0.3178634623409896,0.1234664223445149,-0.8250680246735198,0.6022947384976401,-0.5557455548251751,0.9698084477912926,0.2755156404340863,1,1,0,1,0,0,0,1,0,0,1,0,1
LP002082,0.1469869231336311,-0.1046883443831809,-0.8250680246735198,0.06842756104351892,0.1816199309726139,0.4470679614190083,0.2755156404340863,1,1,1,1,0,0,0,1,0,0,1,0,1
LP002305,-0.3835808651201671,0.1446836745639464,-0.8250680246735198,-0.1393963846055433,-0.5557455548251751,-0.3726841649375286,0.2755156404340863,0,0,0,1,0,0,0,1,0,0,1,0,1
LP001439,-0.1103330417903911,0.7528949287230078,-0.8250680246735198,-0.1797838862383665,0.1317794860992448,0.5658726174127092,0.2755156404340863,1,1,0,1,0,0,0,0,1,1,0,0,1
LP002682,-0.3330137806669488,0.138476720686661,-0.8250680246735198,-0.3802497850312463,0.05872568333964907,-0.2776404401425678,0.2755156404340863,1,1,0,1,0,0,0,0,1,0,1,0,0
LP001327,-0.3466220480427384,0.5178228921173345,-0.8250680246735198,-0.4767219549234152,0.2300948842056167,-0.1113139217513864,0.2755156404340863,0,1,0,1,0,0,0,1,0,0,1,0,1
LP001508,0.7313692232825975,-0.9058666756927379,1.321250498266429,1.039526233907233,-0.5557455548251751,0.4827093582171186,-2.530151964653022,1,1,0,0,0,1,0,1,0,0,0,1,1
LP001800,-0.391931392828038,0.8014949341779963,0.7846708675314423,-0.4724706389620654,0.1211969258864062,-0.07567252495327613,-2.530151964653022,1,1,0,0,1,0,0,0,1,0,0,1,1
LP002529,0.2199767208765028,0.3604278893954334,1.321250498266429,0.2126452794246935,0.04165703783507062,0.9935693789900328,-0.6597068945949499,1,1,0,0,0,1,0,1,0,0,1,0,1
LP001333,-0.6268286444624068,-0.804353301186856,-0.8250680246735198,-0.5596226161697367,-0.2153967634638808,-1.144914428896585,0.2755156404340863,1,1,0,1,0,0,0,1,0,0,1,0,1
LP002205,-0.3059518853173671,-0.2254439908644746,0.7846708675314423,-0.3822119308595616,0.1225624175267725,-0.420206027335009,-2.530151964653022,1,0,0,0,1,0,0,1,0,0,0,1,0
LP002068,-0.3263642863810516,0.2731188463392352,-0.8250680246735198,-0.07889688823248818,-0.5557455548251751,-0.1944771809469771,0.2755156404340863,1,0,0,1,0,0,0,1,0,1,0,0,0
LP001914,-0.3557457727605974,-0.03414596261869775,-0.8250680246735198,-0.2407739190685004,-0.2826472267519199,-0.4083255617356389,0.2755156404340863,1,1,0,1,0,0,0,1,0,0,1,0,1
LP001949,-0.2105393742848421,-0.513154136062198,1.589540313633923,-0.160816476564652,-0.1290294172107138,-0.4320864929343791,0.2755156404340863,1,1,0,0,0,0,1,1,0,0,0,1,1
LP002941,0.05497647894505345,0.1488313013650076,1.321250498266429,0.1608119271266976,-0.2143726447336061,0.4827093582171186,0.2755156404340863,1,1,1,0,0,1,0,0,1,1,0,0,1
LP001432,-0.6294575142963662,0.3798688988037594,1.321250498266429,-0.3993807068573205,-0.5557455548251751,-0.776619995316112,0.2755156404340863,1,1,0,0,0,1,0,1,0,0,1,0,1
LP001639,-0.526158393761963,0.6485483445735728,-0.8250680246735198,-0.2901545890811021,-0.5557455548251751,-0.4558474241331193,0.2755156404340863,0,1,0,1,0,0,0,1,0,0,1,0,1
LP001688,-0.3780138466482532,0.6108941505698977,0.7846708675314423,-0.3105936081260532,-0.1860386931960059,-0.1350748529501266,0.2755156404340863,1,1,0,0,1,0,0,0,1,0,0,1,1
LP002067,1.023946971862075,0.3972376009598349,0.7846708675314423,0.5341101709636835,1.145315656161113,2.728117356498067,0.2755156404340863,1,1,1,0,1,0,0,1,0,1,0,0,0
LP001824,-0.3560550515645926,0.2275487109647951,0.7846708675314423,-0.4116441182842911,0.07340471847358652,-0.2776404401425678,2.145960710492159,1,1,0,0,1,0,0,1,0,0,1,0,1
LP002603,-0.4174468941576436,0.2362019742815025,-0.8250680246735198,-0.777420803112735,0.7015308730420735,-0.3964450961362688,2.145960710492159,0,0,0,1,0,0,0,1,0,1,0,0,1
LP002699,1.619463308954869,-0.1277769402183989,1.321250498266429,1.978576524908463,-0.5557455548251751,3.01324853088295,0.2755156404340863,1,1,1,0,0,1,0,1,0,1,0,0,1
LP002739,-0.5527563709055519,-0.5467586724389296,-0.8250680246735198,-0.4059211929517049,-0.3727696750160941,-0.9548269793066635,0.2755156404340863,1,1,0,1,0,0,0,0,1,1,0,0,1
LP002364,1.214308075721132,-1.964008208590905,-0.8250680246735198,1.550174685726289,-0.5557455548251751,-0.5984130113255605,0.2755156404340863,1,1,0,1,0,0,0,1,0,0,1,0,1
LP002753,-0.5219831299080276,0.2254665727021118,0.7846708675314423,-0.2857397609673927,-0.5557455548251751,-0.6102934769249306,0.2755156404340863,0,0,0,0,1,0,0,1,0,0,1,0,1
LP002297,2.392660318942916,-2.173742039731231,-0.8250680246735198,-0.4741057604856616,6.271712647006204,-0.5152497521299698,0.2755156404340863,1,0,0,1,0,0,0,1,0,0,1,0,1
LP001448,2.594155459745801,-0.9462903198519083,1.589540313633923,3.009193621231075,-0.5557455548251751,2.656834562901847,0.2755156404340863,1,1,0,0,0,0,1,1,0,1,0,0,1
LP002409,0.4185337130414334,-0.6163697875531858,-0.8250680246735198,0.4090233744085831,0.06999098937267084,0.3995460990215279,0.2755156404340863,1,1,0,1,0,0,0,1,0,1,0,0,1
LP002368,-0.1689413751474851,-0.1778877355074187,1.321250498266429,0.0875584828695931,-0.5557455548251751,-0.1588357841488668,0.2755156404340863,1,1,0,0,0,1,0,1,0,0,1,0,1
LP001750,-0.1202299635182381,-0.3938447878243744,-0.8250680246735198,0.1390648108628697,-0.5557455548251751,-0.2182381121457173,0.2755156404340863,1,1,0,1,0,0,0,1,0,0,1,0,1
LP002128,-0.326982843989042,0.1616185535012088,1.321250498266429,-0.4605342518398141,0.2396533256881806,-0.2538795089438276,0.2755156404340863,1,1,0,0,0,1,0,1,0,1,0,0,1
LP001179,-0.3729107463823321,0.563075887822964,1.321250498266429,-0.1281140460927303,-0.5557455548251751,-0.1469553185494967,0.2755156404340863,1,1,0,0,0,1,0,1,0,0,0,1,1
LP001736,-0.7432721141666068,0.3375860738120718,-0.8250680246735198,-0.5197256509939923,-0.5557455548251751,-1.026109772902884,0.2755156404340863,1,1,0,1,0,0,0,1,0,0,0,1,0
LP001469,2.031731954680496,0.9215807951324333,-0.8250680246735198,2.414499923099179,-0.5557455548251751,5.983364930725474,2.145960710492159,1,0,1,1,0,0,0,1,0,0,0,1,1
LP002794,-0.4230139126295575,-0.4955538910143498,-0.8250680246735198,-0.446799231041607,-0.0010145759263755,-0.7409785985180017,0.2755156404340863,0,0,0,1,0,0,0,1,0,0,0,1,0
LP002314,-0.7445092293825877,0.6519806252610695,-0.8250680246735198,-0.5210337482128691,-0.5557455548251751,-0.9548269793066635,0.2755156404340863,0,0,0,1,0,0,0,0,1,1,0,0,1
LP002602,0.5677607359691266,-0.4996682923839443,-0.8250680246735198,0.1444607118907368,0.9517572161391935,0.7440796014032608,0.2755156404340863,1,0,0,1,0,0,0,1,0,1,0,0,0
LP002798,-0.07291030650696961,0.07963004604576328,-0.8250680246735198,-0.2473144051628848,0.3553787422092225,0.1856977182328661,0.2755156404340863,1,1,0,1,0,0,0,1,0,0,1,0,1
LP002317,11.43906533580307,-2.188665717080925,1.589540313633923,12.36159819974359,-0.5557455548251751,2.538029906908146,0.2755156404340863,1,1,0,0,0,0,1,1,0,1,0,0,0
LP002706,-0.0483226415893497,-0.002526632496787602,0.7846708675314423,-0.01872441616415232,-0.06758229339423144,0.173817252633496,0.2755156404340863,1,1,0,0,1,0,0,0,1,0,1,0,0
LP002341,-0.6846637808095128,4.201729455736828,0.7846708675314423,-0.4577545452497007,-0.5557455548251751,0.1619367870341259,0.2755156404340863,0,0,0,0,1,0,0,1,0,0,0,1,1
LP002244,-0.3521890665146524,0.5185417179337689,-0.8250680246735198,-0.5014122899297161,0.2693527688661471,-0.1231943873507565,0.2755156404340863,1,1,0,1,0,0,0,1,0,0,0,1,1
LP002938,1.406060934198168,-0.8808380783711683,-0.8250680246735198,1.752929754652204,-0.5557455548251751,1.349983346971136,0.2755156404340863,1,1,1,1,0,0,0,1,0,0,0,1,1
LP001953,-0.02358033726973218,0.5699534293776913,0.7846708675314423,0.2412599060876249,-0.5557455548251751,0.6371554110089298,0.2755156404340863,1,1,0,0,1,0,0,1,0,0,1,0,1
LP001884,-0.4007458387419018,-0.4152735198457029,0.7846708675314423,-0.4126251911984488,-0.02320381508232748,-0.6696958049217812,0.2755156404340863,0,0,0,0,1,0,0,1,0,0,0,1,1
LP002894,-0.5971378792788659,-1.413413832016796,-0.8250680246735198,-0.3652066670141624,-0.5557455548251751,-1.311240947287766,0.2755156404340863,0,1,0,1,0,0,0,1,0,0,1,0,1
LP002820,0.1468322837316335,0.2744800267585287,-0.8250680246735198,0.0855963370412778,0.1454344025029076,0.7678405326020009,0.2755156404340863,1,1,0,1,0,0,0,1,0,1,0,0,1
LP001392,0.0654919582808909,-0.4873854872487881,0.7846708675314423,0.3354429058467593,-0.5557455548251751,-3.376631411632076e-16,0.2755156404340863,0,0,1,0,1,0,0,1,0,0,1,0,1
LP001633,1.024101611264072,-1.210153539207206,0.7846708675314423,0.163591633716811,1.9192080433387,0.3995460990215279,0.2755156404340863,1,1,0,0,1,0,0,1,0,0,0,1,0
LP002398,-0.5026532046583264,-1.204422130157755,-0.8250680246735198,-0.5679617359400767,0.07613570175431908,-1.144914428896585,0.2755156404340863,1,0,0,1,0,0,0,1,0,0,1,0,1
LP002652,0.3794099443360382,0.9853768859932869,-0.8250680246735198,0.0679370245864401,0.6957275335705168,1.955887092539011,0.2755156404340863,1,0,0,1,0,0,0,1,0,1,0,0,1
LP002500,-0.3736839433923201,-0.9869391068138592,1.589540313633923,-0.4010158283809166,0.01229896756719569,-0.9073051169091831,-2.530151964653022,1,1,0,0,0,0,1,0,1,0,0,1,0
LP002211,-0.199096058537019,-0.3461722185066058,-0.8250680246735198,-0.09524810346844902,-0.2406583588106569,-0.3132818369406781,-2.530151964653022,1,1,0,1,0,0,0,1,0,0,0,1,1
LP002035,-0.511931568778183,0.9273595697357636,1.321250498266429,-0.2751114710640182,-0.5557455548251751,-0.3132818369406781,0.2755156404340863,1,1,0,0,0,1,0,1,0,0,1,0,1
LP001531,0.3306985327067912,0.2934037421921585,-0.8250680246735198,0.6158662471434876,-0.5557455548251751,1.159895897381214,0.2755156404340863,1,0,0,1,0,0,0,1,0,0,0,1,1
LP002626,-0.2374466302324261,1.145339599060993,-0.8250680246735198,-0.4775395156852133,0.4728110232807222,0.4945898238164886,0.2755156404340863,1,1,1,1,0,0,0,1,0,0,0,1,1
LP001784,-0.04136386849945727,0.1286252086679356,0.7846708675314423,0.01643069659316347,-0.1256156881097982,0.2807414430278269,0.2755156404340863,1,1,0,0,1,0,0,1,0,1,0,0,1
LP001996,2.042092794614335,-0.03079426952724717,-0.8250680246735198,2.425455237307273,-0.5557455548251751,3.963685778832557,0.2755156404340863,1,0,0,1,0,0,0,1,0,1,0,0,1
LP002418,-0.05064223261931384,-0.2136915006537383,1.589540313633923,-0.1132344402280059,0.1246106549873219,0.01937119984168467,0.2755156404340863,1,0,0,0,0,0,1,0,1,0,1,0,1
LP001574,-0.02388961607372739,0.2777688968456851,-0.8250680246735198,-0.2767465925876142,0.5250410785247323,0.4233070302202681,0.2755156404340863,1,1,0,1,0,0,0,1,0,1,0,0,1
LP002050,0.4596677939727976,-0.9512441368354512,0.7846708675314423,0.752235382211401,-0.5557455548251751,0.1025344590372754,0.2755156404340863,1,1,1,0,1,0,0,1,0,1,0,0,1
LP001491,-0.03270406198759114,-1.2410472374818,1.321250498266429,-0.3406798441602211,0.6390596304953163,-0.6934567361205213,0.2755156404340863,1,1,1,0,0,1,0,1,0,0,0,1,1
LP002328,-0.14404443142587,1.316537896648093,-0.8250680246735198,0.11388393939949,-0.5557455548251751,0.8510037917975917,0.2755156404340863,1,1,0,1,0,0,0,0,1,1,0,0,0
LP001671,-0.1230134727541951,-0.6566260328025771,-0.8250680246735198,-0.3243286289242603,0.4055605599926831,-0.3964450961362688,0.2755156404340863,0,1,0,1,0,0,0,1,0,0,1,0,1
LP002692,0.01136816758172757,-1.109898841486219,1.589540313633923,0.04537234756081415,-0.06963053085478085,-0.5508911489280801,0.2755156404340863,1,1,1,0,0,0,1,1,0,1,0,0,1
LP001865,0.5111627148380015,0.8884551099147885,0.7846708675314423,0.1117582814188151,0.8950893130639931,2.181615938927043,0.2755156404340863,1,1,0,0,1,0,0,1,0,0,0,1,1
LP001778,-0.3237354165470922,0.4897724160900985,0.7846708675314423,-0.3670053006901181,0.05155685222772612,-0.07567252495327613,0.2755156404340863,1,1,0,0,1,0,0,1,0,0,1,0,1
LP001404,-0.2439414851163257,0.4766026536289791,-0.8250680246735198,-0.3650431548618028,0.2236087989138769,0.09065399343790527,0.2755156404340863,0,1,0,1,0,0,0,1,0,0,1,0,1
LP001430,-0.4424984772812564,-1.503977239539348,-0.8250680246735198,-0.201694514654554,-0.5557455548251751,-1.216197222492806,0.2755156404340863,0,0,0,1,0,0,0,1,0,0,1,0,1
LP002562,-0.08713713149074968,0.534566784446908,0.7846708675314423,-0.01087583285089112,-0.1696527935116106,0.4708288926177485,0.2755156404340863,1,1,0,0,1,0,0,0,1,0,0,1,0
LP002224,-0.612137901272634,-0.09672502114139254,-0.8250680246735198,-0.3810673457930444,-0.5557455548251751,-0.895424651309813,2.145960710492159,1,0,0,1,0,0,0,1,0,0,0,1,1
LP002239,-0.4765191457207304,1.058034624733767,-0.8250680246735198,-0.4992866319490412,-0.009548898678664723,-0.1707162497482369,0.2755156404340863,1,0,0,1,0,0,0,0,1,0,1,0,1
LP001751,-0.5841481695110666,3.168551793065694,-0.8250680246735198,-0.3514716462159553,-0.5557455548251751,0.2807414430278269,0.2755156404340863,1,1,0,1,0,0,0,1,0,1,0,0,1
LP002893,4.429725161457426,-2.403737690996148,-0.8250680246735198,-0.5826778296524414,10.99528960394324,-0.6696958049217812,0.2755156404340863,1,0,0,1,0,0,0,1,0,0,0,1,1
LP002522,-0.7001277210092738,1.477584351827272,-0.8250680246735198,-0.4741057604856616,-0.5557455548251751,-0.6340544081236709,0.2755156404340863,0,0,1,1,0,0,0,1,0,0,0,1,0
LP002138,0.2856984667254868,-0.3277602222082643,-0.8250680246735198,-0.4536667414407105,1.577835133247131,0.4827093582171186,0.2755156404340863,1,1,0,1,0,0,0,1,0,1,0,0,1
LP001451,1.134359504888368,-1.439278154558396,0.7846708675314423,0.83611711637188,0.7585401490273654,0.1619367870341259,-2.530151964653022,1,1,1,0,1,0,0,1,0,0,0,1,0
LP002959,0.7689465979680166,1.940218349667791,0.7846708675314423,1.079259686930618,-0.5557455548251751,4.153773228422479,0.2755156404340863,0,1,0,0,1,0,0,1,0,0,1,0,1
LP002443,-0.3057972459153696,0.6384599590657561,1.321250498266429,-0.3367555525035905,0.02800212143140786,0.04313213104042487,0.2755156404340863,1,1,0,0,0,1,0,1,0,1,0,0,0
LP001926,-0.2046630770089329,-0.3314039543466641,-0.8250680246735198,-0.2772371290446931,0.1270002653579629,-0.3132818369406781,0.2755156404340863,1,1,0,1,0,0,0,1,0,1,0,0,1
LP002836,-0.5713130991452651,-0.335407374735167,-0.8250680246735198,-0.3379001375701078,-0.5557455548251751,-0.9073051169091831,0.2755156404340863,1,0,0,1,0,0,0,1,0,0,0,1,1
LP001131,-0.1160546996643027,-0.2967165408860943,-0.8250680246735198,-0.2384847489354659,0.24170156314873,-0.1469553185494967,0.2755156404340863,1,1,0,1,0,0,0,1,0,0,1,0,1
LP001379,0.05760534877901281,0.5809536829524046,1.321250498266429,-0.2615399624181707,0.6731969215044732,0.8272428605988514,0.2755156404340863,1,1,0,0,0,1,0,1,0,0,0,1,0
LP002684,-0.5609522592114252,0.4412666393970401,-0.8250680246735198,-0.326944823362014,-0.5557455548251751,-0.6102934769249306,0.2755156404340863,0,0,0,1,0,0,0,0,1,1,0,0,1
LP002958,0.1468322837316335,-0.272740184446879,-0.8250680246735198,-0.2818154693107621,0.9124993314786631,0.3045023742265671,0.2755156404340863,1,0,0,1,0,0,0,1,0,1,0,0,1
LP001487,-0.329766353224999,-0.353820674188668,-0.8250680246735198,-0.08249415558439957,-0.5557455548251751,-0.5271302177293399,0.2755156404340863,1,0,0,1,0,0,0,1,0,0,1,0,1
LP002422,4.746117377944535,-2.235075944104948,0.7846708675314423,5.284628733467384,-0.5557455548251751,0.06689306223916507,0.2755156404340863,1,0,0,0,1,0,0,1,0,0,1,0,1
LP002643,-0.2643538861800102,0.4288241888933875,1.321250498266429,-0.3460757451880882,0.1389483172111678,0.01937119984168467,0.2755156404340863,1,1,0,0,0,1,0,1,0,0,0,1,1
LP001136,-0.3606942336245209,-0.3975065719152899,-0.8250680246735198,-0.1151965860563212,-0.5557455548251751,-0.5984130113255605,0.2755156404340863,1,1,1,1,0,0,0,0,1,0,0,1,1
LP001581,-0.531725412233877,0.2765755324933317,-0.8250680246735198,-0.5852940240901952,0.04814312312681043,-0.6102934769249306,0.2755156404340863,1,1,0,1,0,0,0,0,1,1,0,0,1
LP001225,0.5093070420140302,0.1117967582074913,-0.8250680246735198,0.05338444302643496,1.012862967045584,1.326222415772396,0.2755156404340863,1,1,0,1,0,0,0,1,0,0,1,0,1
LP001924,-0.1262609001961449,-1.082264821311725,-0.8250680246735198,-0.3665147642330392,0.486465939684385,-0.6815762705211512,0.2755156404340863,1,0,0,1,0,0,0,1,0,1,0,0,1
LP001279,-0.3294570744210038,0.4223429203105995,-0.8250680246735198,-0.4960163889018491,0.308269280616586,-0.1231943873507565,0.2755156404340863,1,0,0,1,0,0,0,1,0,0,1,0,1
LP001811,0.1230178158240016,-0.9262990088865904,-0.8250680246735198,-0.3259637504478564,0.9520985890492851,-0.2776404401425678,0.2755156404340863,1,1,0,1,0,0,0,0,1,0,1,0,1
LP001643,-0.3876014895721049,-1.250200450432385,-0.8250680246735198,-0.4932366823117357,0.1741097269505994,-1.049870704101624,0.2755156404340863,1,1,0,1,0,0,0,1,0,1,0,0,1
LP002086,-0.03765252285151464,-0.8712581538704041,-0.8250680246735198,-0.1743879852104994,0.2809594478092605,-0.4320864929343791,0.2755156404340863,0,1,0,1,0,0,0,1,0,0,0,1,1
LP001560,-0.6376534026022396,1.091048774852549,-0.8250680246735198,-0.578263001538732,-0.2003763554198518,-0.5746520801268203,0.2755156404340863,1,1,0,1,0,0,0,0,1,0,1,0,1
LP001028,0.6419876489279791,-0.6836602257012366,1.321250498266429,-0.3804132971836059,2.211423254377083,0.6371554110089298,0.2755156404340863,1,1,0,0,0,1,0,1,0,0,0,1,1
LP001106,-0.415281942529677,1.086974407704708,-0.8250680246735198,-0.5108959947665734,0.149872250334098,-3.376631411632076e-16,0.2755156404340863,1,1,0,1,0,0,0,1,0,0,0,1,1
LP001086,-0.8637362083227447,0.03056720919236431,-0.8250680246735198,-0.6471016176821272,-0.5557455548251751,-1.323121412887137,0.2755156404340863,1,0,0,1,0,0,0,0,1,0,0,1,1
LP001585,6.917873139598963,-1.172505607913752,1.589540313633923,7.580993401205724,-0.5557455548251751,6.57738821069398,-0.6597068945949499,1,1,0,0,0,0,1,1,0,0,0,1,1
LP001507,-0.3549725757506094,0.1995852129722715,-0.8250680246735198,-0.4417303543184591,0.1386069443010762,-0.2895209057419379,0.2755156404340863,1,1,0,1,0,0,0,1,0,0,1,0,1
LP001790,-0.4972408255884101,0.6024116802193422,0.7846708675314423,-0.2595778165898554,-0.5557455548251751,-0.4083255617356389,0.2755156404340863,0,0,0,0,1,0,0,1,0,1,0,0,1
LP002534,-0.4140448273136962,1.276372012388292,-0.8250680246735198,-0.1716082786203861,-0.5557455548251751,0.09065399343790527,0.2755156404340863,0,0,0,1,0,0,0,0,1,1,0,0,1
LP002898,-0.7960041502477917,0.9455711305631751,0.7846708675314423,-0.5754832949486187,-0.5557455548251751,-1.014229307303514,0.2755156404340863,1,1,0,0,1,0,0,1,0,1,0,0,0
LP001744,-0.1956939916930716,0.1110966179945865,-0.8250680246735198,-0.397091536724286,0.3970262372403939,-0.02815066255579573,0.2755156404340863,1,0,0,1,0,0,0,1,0,0,1,0,1
LP002795,0.4811626708504653,0.184099382398179,1.589540313633923,0.7749635713893865,-0.5557455548251751,1.349983346971136,0.2755156404340863,1,1,1,0,0,0,1,1,0,0,1,0,1
LP001326,-0.03796180165550986,-0.2704945290276324,-0.8250680246735198,0.2260532759181814,-0.5557455548251751,-3.376631411632076e-16,0.2755156404340863,1,0,0,1,0,0,0,1,0,0,0,1,1
LP001157,-0.6095090314386746,1.666214604161092,-0.8250680246735198,-0.3782876392029311,-0.5557455548251751,-0.3132818369406781,0.2755156404340863,0,0,0,1,0,0,0,1,0,0,1,0,1
LP001806,0.2533788317079865,-0.6841859122569609,-0.8250680246735198,-0.3980726096384437,1.39042140560686,0.1025344590372754,-4.400597034711095,1,0,0,1,0,0,0,1,0,0,0,1,1
LP002690,-0.7001277210092738,-0.2237148660378614,-0.8250680246735198,-0.4741057604856616,-0.5557455548251751,-1.085512100899735,0.2755156404340863,1,0,0,1,0,0,0,1,0,0,1,0,1
LP002142,-0.2362095150164452,-0.5493223718493698,-0.8250680246735198,0.01643069659316347,-0.5557455548251751,-0.4914888209312296,0.2755156404340863,0,1,1,1,0,0,0,1,0,1,0,0,0
LP002716,-0.03780716225351225,-0.5409667686530976,-0.8250680246735198,0.226216788070541,-0.5557455548251751,-0.1944771809469771,0.2755156404340863,1,0,0,1,0,0,0,0,1,0,1,0,1
LP001630,-0.5015707288443432,0.3309537339782554,-0.8250680246735198,-0.5014122899297161,-0.0604134622823085,-0.5271302177293399,2.145960710492159,1,0,0,1,0,0,0,0,1,0,0,1,0
LP002489,-0.2839930902337066,0.1600429977694831,0.7846708675314423,-0.0340945584859555,-0.5557455548251751,-0.1707162497482369,0.2755156404340863,0,0,0,0,1,0,0,0,1,0,1,0,1
LP002740,-0.09440518338463733,0.05232781481330712,1.589540313633923,0.1663713403069243,-0.5557455548251751,0.1262953902360156,-2.530151964653022,1,1,0,0,0,0,1,1,0,1,0,0,1
LP001120,-0.6207977077845,-0.9401553938329195,-0.8250680246735198,-0.5885642671373874,-0.1416602148841019,-1.180555825694695,0.2755156404340863,1,0,0,1,0,0,0,1,0,0,0,1,1
LP002837,-0.1743537542174015,-0.352716144823353,1.589540313633923,-0.326944823362014,0.2976867204037473,-0.2776404401425678,0.2755156404340863,1,1,0,0,0,0,1,1,0,1,0,0,0
LP002732,-0.3766220920302747,0.3850619721905161,-0.8250680246735198,-0.4659301528676811,0.1413379275818087,-0.2419990433444575,0.2755156404340863,1,0,0,1,0,0,0,0,1,1,0,0,1
LP001698,-0.08064227660685008,-1.739915525640434,-0.8250680246735198,-0.2329253357552392,0.308269280616586,-1.085512100899735,0.2755156404340863,1,0,0,1,0,0,0,0,1,1,0,0,1
LP002266,-0.3908489170140548,0.124504272121669,1.321250498266429,-0.3759984690698965,-0.07782348069697852,-0.3964450961362688,0.2755156404340863,1,1,0,0,0,1,0,1,0,0,0,1,1
LP001922,2.109206295081298,-1.89341910828297,-0.8250680246735198,2.496419511431343,-0.5557455548251751,-3.376631411632076e-16,0.2755156404340863,1,1,0,1,0,0,0,1,0,1,0,0,1
LP002161,-0.3563643303685878,-0.7665505955086862,0.7846708675314423,-0.1106182457902522,-0.5557455548251751,-0.776619995316112,0.2755156404340863,0,0,0,0,1,0,0,1,0,0,1,0,1
LP002287,-0.5764161994111862,0.8073755690319165,-0.8250680246735198,-0.6376179128452698,0.05872568333964907,-0.5152497521299698,0.2755156404340863,0,0,0,1,0,0,0,1,0,0,1,0,0
LP001849,-0.1519310409277481,-0.5568128257413326,-0.8250680246735198,0.10554481962915,-0.5557455548251751,-0.3726841649375286,0.2755156404340863,1,0,0,1,0,0,0,0,1,1,0,0,0
LP001732,-0.31352921601525,-1.074364474970428,1.321250498266429,-0.0653253795866407,-0.5557455548251751,-0.8835441857104429,0.2755156404340863,1,1,0,0,0,1,0,1,0,0,1,0,0
LP001008,-0.1588898140176405,-0.05582349585380204,-0.8250680246735198,0.09818677277296764,-0.5557455548251751,-0.06379205935390603,0.2755156404340863,1,0,0,1,0,0,0,1,0,0,0,1,1
LP001859,1.508586857722583,-0.6587138734312731,-0.8250680246735198,1.517962791711447,0.1611375563671197,1.87272383334342,0.2755156404340863,1,1,0,1,0,0,0,1,0,1,0,0,1
LP002872,-0.26760131362196,0.1876089539864161,-0.8250680246735198,-0.3781241270505714,0.1986885764771923,-0.1231943873507565,0.2755156404340863,1,1,0,1,0,0,0,1,0,0,1,0,0
LP002768,-0.5674471140953248,-0.01959202486113328,-0.8250680246735198,-0.3338123337611176,-0.5557455548251751,-0.7885004609154821,-4.774686048722709,1,0,0,1,0,0,0,0,1,0,1,0,1
LP002386,0.9044107141179225,0.8344336640317854,-0.8250680246735198,1.222496332397635,-0.5557455548251751,3.0726508588798,0.2755156404340863,1,0,0,1,0,0,0,1,0,0,1,0,1
LP001345,0.08095589848065185,-0.7146783554861824,1.321250498266429,-0.1817460320666818,0.5581542508036145,-0.1588357841488668,-2.530151964653022,1,1,0,0,0,1,0,0,1,0,0,1,1
LP001758,0.14188382286771,0.2723166123914004,1.321250498266429,0.1390648108628697,0.02288152778003433,0.7559600670026309,0.2755156404340863,1,1,0,0,0,1,0,1,0,0,1,0,1
LP002447,-0.5587873075834586,-0.7190288322047751,1.321250498266429,-0.5627293470645692,-0.05870659773185066,-1.026109772902884,-0.6597068945949499,1,1,0,0,0,1,0,0,1,0,0,1,0
LP002807,-0.4810036883786611,0.399959212021415,1.321250498266429,-0.2819789814631217,-0.4731333105830153,-0.4558474241331193,0.2755156404340863,1,1,0,0,0,1,0,0,1,0,1,0,1
LP002912,0.0395125387452925,-0.04276809570081024,0.7846708675314423,-0.1825635928284799,0.4683731754495318,0.3045023742265671,-4.02650802069948,1,1,0,0,1,0,0,1,0,1,0,0,1
LP001716,-0.1288897700301042,-0.2104873896655946,-0.8250680246735198,-0.3640620819476451,0.4755420065614547,-0.1113139217513864,0.2755156404340863,1,1,0,1,0,0,0,1,0,0,0,1,1
LP002170,0.253533471109984,0.361635254723853,1.321250498266429,-0.0653253795866407,0.6960689064806083,1.064852172586253,0.2755156404340863,1,1,0,0,0,1,0,1,0,0,1,0,1
LP001586,-0.5420862521677169,-0.1119779632237116,1.589540313633923,-0.3069963407741418,-0.5557455548251751,-0.776619995316112,-2.530151964653022,1,1,0,0,0,0,1,0,1,1,0,0,1
LP001334,-0.4390964104373089,0.3873434414897302,-0.8250680246735198,-0.1980972473026427,-0.5557455548251751,-0.3726841649375286,-2.530151964653022,1,1,0,1,0,0,0,0,1,0,1,0,1
LP001947,-0.202652764782964,0.6812990081535355,-0.8250680246735198,-0.4932366823117357,0.5823917274201158,0.3045023742265671,0.2755156404340863,1,1,0,1,0,0,0,1,0,0,1,0,1
LP001722,-0.785179392107959,5.062710841296107,-0.8250680246735198,-0.8583593185307411,0.05872568333964907,-0.1350748529501266,0.2755156404340863,1,1,0,1,0,0,0,1,0,1,0,0,1
LP001206,-0.6183234773525383,0.972125460119622,1.589540313633923,-0.3876078318874287,-0.5557455548251751,-0.5627716145274502,0.2755156404340863,1,1,0,0,0,0,1,1,0,0,0,1,1
LP002315,0.1967808105768614,-0.6363635349239826,0.7846708675314423,0.4742647232000668,-0.5557455548251751,0.06689306223916507,-0.6597068945949499,1,1,0,0,1,0,0,1,0,0,1,0,0
LP002622,0.1389456742297554,0.7454203810806194,1.321250498266429,-0.3089584866024571,0.9517572161391935,1.148015431781844,0.2755156404340863,1,1,0,0,0,1,0,1,0,1,0,0,1
LP001144,-0.1865702669752126,0.08274480961850186,-0.8250680246735198,0.06891809750059776,-0.5557455548251751,-0.02815066255579573,0.2755156404340863,1,1,0,1,0,0,0,1,0,0,0,1,1
LP001097,-0.3611581518305138,-0.1574934332968909,0.7846708675314423,-0.1156871225134001,-0.5557455548251751,-0.4796083553318595,0.2755156404340863,1,0,1,0,1,0,0,1,0,1,0,0,1
LP001677,-0.325436449969066,1.087995434104208,1.321250498266429,-0.07791581531833053,-0.5557455548251751,0.2332195806303465,0.2755156404340863,1,0,0,0,0,1,0,1,0,0,1,0,0
LP001488,0.7302867474686142,0.07634630620598944,1.589540313633923,-0.228837531946249,2.089894498384484,1.706397314952239,0.2755156404340863,1,1,0,0,0,0,1,1,0,0,1,0,1
LP001073,-0.2723951350838859,-0.3480977370743362,1.321250498266429,-0.1918837855129776,-0.2007177283299433,-0.4320864929343791,0.2755156404340863,1,1,0,0,0,1,0,0,1,0,0,1,1
LP002738,-0.527395508977944,0.6249790273669877,1.321250498266429,-0.291462686299979,-0.5557455548251751,-0.4677278897324894,0.2755156404340863,1,0,0,0,0,1,0,1,0,0,1,0,1
LP001770,-0.1918280066431313,-0.3651764732639668,-0.8250680246735198,-0.3614458875098914,0.3311412655927211,-0.3132818369406781,0.2755156404340863,1,0,0,1,0,0,0,0,1,1,0,0,1
LP002571,-0.5159521932301209,0.6495689194873869,-0.8250680246735198,-0.279362787025368,-0.5557455548251751,-0.4320864929343791,0.2755156404340863,1,0,0,1,0,0,0,0,1,1,0,0,1
LP002226,-0.1847145941512413,-0.229970376259017,-0.8250680246735198,-0.3379001375701078,0.2976867204037473,-0.2182381121457173,0.2755156404340863,1,1,0,1,0,0,0,1,0,0,1,0,1
LP001936,-0.2376012696344237,0.1472299715277927,-0.8250680246735198,-0.3800862728788867,0.2690113959560556,-0.08755299055264623,0.2755156404340863,1,1,0,1,0,0,0,1,0,1,0,0,1
LP002348,-0.1853331517592317,-0.03626641224512547,-0.8250680246735198,0.07022619471947461,-0.5557455548251751,-0.09943345615201632,0.2755156404340863,1,1,0,1,0,0,0,1,0,1,0,0,1
LP002265,-0.5272408695759463,0.8096817305400481,1.321250498266429,-0.557006421731983,-0.0010145759263755,-0.3964450961362688,-2.530151964653022,1,1,0,0,0,1,0,0,1,0,1,0,1
LP002606,-0.5982203550928491,0.8570116451690978,-0.8250680246735198,-0.3663512520806796,-0.5557455548251751,-0.5508911489280801,0.2755156404340863,0,0,0,1,0,0,0,1,0,0,1,0,1
LP001493,-0.216106392756756,-0.1215287626931527,1.321250498266429,-0.1961351014743274,-0.06758229339423144,-0.2063576465463472,0.2755156404340863,1,1,0,0,0,1,0,0,1,1,0,0,1
LP001207,-0.1499207287017791,0.3624176119767855,-0.8250680246735198,-0.4562829358784642,0.6216496120806463,0.2213391150309764,-2.530151964653022,1,1,1,1,0,0,0,0,1,1,0,0,0
LP002524,0.4875028863323672,-0.9049558153898132,1.321250498266429,0.02166308546867094,1.030955731280438,0.1856977182328661,0.2755156404340863,1,0,0,0,0,1,0,1,0,1,0,0,1
LP001465,0.2507499618740271,-0.3308412977936435,-0.8250680246735198,0.1112677449617363,0.3212414512000656,0.4233070302202681,0.2755156404340863,1,1,0,1,0,0,0,1,0,1,0,0,1
LP002943,-0.6248183322364379,0.6113765469566579,-0.8250680246735198,-0.3944753422865322,-0.5557455548251751,-0.6934567361205213,0.2755156404340863,1,0,0,1,0,0,0,1,0,0,1,0,0
LP002693,1.250493695788573,0.8685454652747081,1.321250498266429,0.4167084455694847,1.890532718891008,3.963685778832557,0.2755156404340863,1,1,1,0,0,1,0,1,0,1,0,0,1
LP001222,-0.4424984772812564,0.4304408518756407,-0.8250680246735198,-0.201694514654554,-0.5557455548251751,-0.3608036993381585,0.2755156404340863,0,0,0,1,0,0,0,1,0,0,1,0,0
LP001030,-0.7179112522389989,-1.888314977967583,1.321250498266429,-0.6704838554695511,-0.1850145744657312,-1.536969793675798,-3.465374499682059,1,1,0,0,0,1,0,1,0,0,0,1,1
LP001543,0.388224390249902,-0.491693291250916,0.7846708675314423,0.676692767821262,-0.5557455548251751,0.4827093582171186,0.2755156404340863,1,1,0,0,1,0,0,1,0,0,0,1,1
LP001119,-0.5300243788119033,-0.1988420704550376,-0.8250680246735198,-0.2942423928900924,-0.5557455548251751,-0.7885004609154821,0.2755156404340863,1,0,0,1,0,0,0,1,0,0,0,1,1
LP002586,-0.4312098009354308,0.08632373877478693,0.7846708675314423,-0.3390447226366251,-0.2440720879115726,-0.4914888209312296,-4.02650802069948,0,1,0,0,1,0,0,1,0,0,1,0,1
LP002229,0.486420410518384,0.5705935699572872,-0.8250680246735198,0.08853955578375075,0.8889446006823448,1.777680108548459,0.2755156404340863,1,0,0,1,0,0,0,1,0,0,1,0,1
LP001644,-0.1635289960775688,0.4635992189367464,-0.8250680246735198,-0.7726789506943064,1.252165377019774,0.2569805118290867,0.2755156404340863,1,1,1,1,0,0,0,1,0,1,0,0,1
LP001726,-0.23590023621245,-0.02117924486344077,-0.8250680246735198,-0.2734763495404221,0.05019136058735985,-0.182596715347607,0.2755156404340863,1,1,0,1,0,0,0,1,0,0,1,0,1
LP001164,-0.4326015555534093,0.2774455045352012,-0.8250680246735198,-0.1912297369035391,-0.5557455548251751,-0.4083255617356389,0.2755156404340863,0,0,0,1,0,0,0,1,0,0,1,0,1
LP002114,-0.443426313693242,-0.7758191795277485,-0.8250680246735198,-0.2026755875687117,-0.5557455548251751,-0.895424651309813,0.2755156404340863,0,0,0,1,0,0,0,1,0,0,1,0,1
LP001954,-0.3651787762824516,0.5522459916152246,0.7846708675314423,-0.1199384384747499,-0.5557455548251751,-0.1350748529501266,0.2755156404340863,0,1,0,0,1,0,0,1,0,0,0,1,1
LP001843,0.4228636162973665,0.5127920010756557,0.7846708675314423,-0.4477803039557646,1.868343479735056,1.575712193359168,-2.530151964653022,1,1,0,0,1,0,0,0,1,0,1,0,1
LP002493,-0.4424984772812564,-0.05316367097810626,-0.8250680246735198,-0.201694514654554,-0.5557455548251751,-0.5746520801268203,0.2755156404340863,1,0,0,1,0,0,0,1,0,0,1,0,0
LP002472,-0.4134262697057057,0.8100085726149313,1.321250498266429,-0.1709542300109477,-0.5557455548251751,-0.1231943873507565,0.2755156404340863,1,0,0,0,0,1,0,1,0,1,0,0,1
LP002983,0.1986364834008327,0.7207212214845302,0.7846708675314423,0.4369839524620761,-0.4738160564031985,1.266820087775545,0.2755156404340863,1,1,0,0,1,0,0,1,0,0,0,1,1
LP001891,0.636884548662058,-1.320416362571235,-0.8250680246735198,0.9396203088155122,-0.5557455548251751,-0.1231943873507565,0.2755156404340863,1,1,0,1,0,0,0,1,0,0,0,1,1
LP001682,-0.4694057332288404,1.417781925929843,1.589540313633923,-0.2301456291651259,-0.5557455548251751,-3.376631411632076e-16,-2.530151964653022,1,1,0,0,0,0,1,0,1,0,0,1,1
LP001565,-0.4111066786757416,0.4137266648875619,0.7846708675314423,-0.3777971027458522,-0.1187882299079668,-0.301401371341308,0.2755156404340863,1,1,0,0,1,0,0,1,0,0,1,0,0
LP002300,-0.78316907988199,0.3358660159408641,-0.8250680246735198,-0.5619117863027712,-0.5557455548251751,-1.109273032098475,0.2755156404340863,0,0,0,1,0,0,0,0,1,0,1,0,1
LP002533,-0.3831169469141743,0.9144900174673551,1.321250498266429,-0.4010158283809166,-0.008524779948390017,-3.376631411632076e-16,0.2755156404340863,1,1,0,0,0,1,0,1,0,0,0,1,1
LP001369,0.8529157932527185,-0.6783319829103308,1.321250498266429,0.983932102104966,-0.1713596580620684,0.9341670509931823,0.2755156404340863,1,1,0,0,0,1,0,1,0,0,0,1,1
LP002262,0.3829666505819832,0.5525236294427582,1.589540313633923,0.6711333546410353,-0.5557455548251751,1.528190330961687,0.2755156404340863,1,1,0,0,0,0,1,1,0,1,0,0,1
LP001003,-0.144817628435858,-0.3340069914518298,0.7846708675314423,-0.1335099471205974,-0.04095520640708906,-0.2182381121457173,0.2755156404340863,1,1,0,0,1,0,0,1,0,1,0,0,1
LP002847,-0.0712092730849959,0.1261291281145169,-0.8250680246735198,-0.04635796991292612,-0.0604134622823085,0.2213391150309764,0.2755156404340863,1,1,0,1,0,0,0,1,0,0,0,1,0
LP001265,-0.4919830859204914,0.5442375479709713,-0.8250680246735198,-0.2540184034096287,-0.5557455548251751,-0.420206027335009,0.2755156404340863,0,0,0,1,0,0,0,1,0,0,1,0,1
LP001693,-0.5850760059230523,0.07411462582995611,-0.8250680246735198,-0.3524527191301129,-0.5557455548251751,-0.7885004609154821,0.2755156404340863,0,0,0,1,0,0,0,1,0,0,0,1,1
LP001100,1.31018450495965,-0.3753586842686244,1.589540313633923,1.161015763110422,0.4683731754495318,2.062811282933342,0.2755156404340863,1,0,0,0,0,0,1,1,0,1,0,0,1
LP002640,0.1610591087154136,0.7817052433256269,0.7846708675314423,0.1088150626763422,0.1283657569983291,1.231178690977435,0.2755156404340863,1,1,0,0,1,0,0,1,0,0,1,0,1
LP002370,-0.6665709707757925,-0.2144047323949717,-0.8250680246735198,-0.4386236234236265,-0.5557455548251751,-1.026109772902884,-2.530151964653022,1,0,0,1,0,0,0,0,1,0,0,1,1
LP002467,-0.1160546996643027,0.3987073279661502,-0.8250680246735198,-0.2765830804352546,0.3212414512000656,0.3163828398259372,0.2755156404340863,1,1,0,1,0,0,0,1,0,0,0,1,1
LP002190,-0.1086320083684174,0.4106888884916273,0.7846708675314423,0.1513282222898404,-0.5557455548251751,0.3401437710246774,0.2755156404340863,1,1,0,0,1,0,0,1,0,0,1,0,1
LP001318,0.7541012153762461,-0.9184481523371314,1.321250498266429,0.1390648108628697,1.374376878832556,0.4945898238164886,-2.530151964653022,1,1,0,0,0,1,0,1,0,0,1,0,1
LP002116,-0.7189937280529821,-0.5209960250181016,-0.8250680246735198,-0.4940542430735337,-0.5557455548251751,-1.192436291294066,0.2755156404340863,0,0,0,1,0,0,0,1,0,1,0,0,1
LP002131,-0.27471472611385,-0.0003712772879632645,1.321250498266429,-0.3787781756600099,0.1843509142533464,-0.2419990433444575,0.2755156404340863,1,1,0,0,0,1,0,0,1,0,0,1,1
LP001807,0.08080125907865424,-1.085038363405971,1.321250498266429,0.1390648108628697,-0.1119607717061354,-0.4558474241331193,0.2755156404340863,1,1,1,0,0,1,0,1,0,1,0,0,1
LP001029,-0.3610035124285161,0.03276695723927107,-0.8250680246735198,-0.5798981230623281,0.4137535098348808,-0.3845646305368987,0.2755156404340863,1,0,0,1,0,0,0,1,0,1,0,0,1
LP002036,-0.4384778528293185,-0.3364968551691376,-0.8250680246735198,-0.5463781318286084,0.1727442353102331,-0.6934567361205213,0.2755156404340863,1,1,0,1,0,0,0,1,0,0,0,1,0
LP002250,-0.2380651878404166,-0.1367507257967501,-0.8250680246735198,0.01446855076484817,-0.5557455548251751,-0.2538795089438276,0.2755156404340863,1,1,0,1,0,0,0,1,0,1,0,0,1
LP001900,-0.3766220920302747,0.1169427689349045,0.7846708675314423,-0.4332277223957595,0.07306334556349496,-0.3726841649375286,0.2755156404340863,1,1,0,0,1,0,0,1,0,0,1,0,1
LP001578,-0.1941475976730955,-0.1846216571800344,-0.8250680246735198,-0.4840800017795976,0.5820503545100243,-0.2063576465463472,0.2755156404340863,1,1,0,1,0,0,0,1,0,1,0,0,1
LP002974,-0.2853848448516851,-0.3533970719538644,-0.8250680246735198,-0.3544148649584282,0.1099316198533844,-0.4558474241331193,0.2755156404340863,1,1,0,1,0,0,0,1,0,1,0,0,1
LP002547,1.748277930818877,0.3665042405340305,0.7846708675314423,2.114782147824017,-0.5557455548251751,4.20129509081996,0.2755156404340863,1,1,0,0,1,0,0,1,0,0,0,1,1
LP002948,-0.1929104824571146,1.031887953193327,1.321250498266429,0.06221409925385381,-0.5557455548251751,0.5421116862139691,0.2755156404340863,1,1,0,0,0,1,0,1,0,0,0,1,1
LP002625,-0.5326532486458627,0.3127752989153498,-0.8250680246735198,-0.2970220994802057,-0.5557455548251751,-0.5984130113255605,0.2755156404340863,1,0,0,1,0,0,0,1,0,0,0,1,1
LP001813,0.5188946849378819,-1.392535033849143,-0.8250680246735198,0.1063623803909481,0.9234232646015933,-0.3132818369406781,-2.530151964653022,1,0,1,1,0,0,0,1,0,0,0,1,1
LP002841,-0.2779621535557998,-0.4604106664503144,-0.8250680246735198,-0.3652066670141624,0.1488481316038233,-0.5033692865305998,0.2755156404340863,1,1,0,1,0,0,0,1,0,0,0,1,0
LP002833,-0.3959520172799759,0.3206635995421507,-0.8250680246735198,-0.1524773567943119,-0.5557455548251751,-0.3132818369406781,0.2755156404340863,1,1,0,1,0,0,0,0,1,1,0,0,0
LP001653,-0.3313127472449751,-1.586321455576722,-0.8250680246735198,-0.08412927710799566,-0.5557455548251751,-1.168675360095325,0.2755156404340863,1,0,0,1,0,0,0,0,1,1,0,0,1
LP002531,1.838587341585481,-2.177279217649342,0.7846708675314423,1.84237090199291,0.2123434928808551,-0.7172176673192615,0.2755156404340863,1,1,1,0,1,0,0,1,0,0,1,0,1
LP002648,0.2734819539676757,-1.795383724168339,-0.8250680246735198,-0.5346052568587166,1.719846263845224,-0.9073051169091831,-2.530151964653022,1,1,0,1,0,0,0,1,0,0,1,0,1
LP001198,0.5106987966320087,-0.7357862538983734,0.7846708675314423,0.438292049680953,0.2123434928808551,0.3995460990215279,0.2755156404340863,1,1,0,0,1,0,0,1,0,0,0,1,1
LP002530,-0.3529622635246404,0.4275644779427322,1.321250498266429,-0.4131157276555276,0.08330453286624204,-0.1707162497482369,0.2755156404340863,1,1,0,0,0,1,0,1,0,0,1,0,0
LP002821,-0.1898176944171624,-0.1388042880137392,-0.8250680246735198,0.06548434230104598,-0.5557455548251751,-0.1707162497482369,0.2755156404340863,1,0,1,1,0,0,0,0,1,0,1,0,1
LP001844,1.426164056457857,-1.363654220518346,-0.8250680246735198,1.774186334458953,-0.5557455548251751,0.5421116862139691,0.2755156404340863,1,0,1,1,0,0,0,1,0,0,0,1,0
LP001046,0.7039980491290205,0.3585405248595323,0.7846708675314423,0.09082872591678527,1.3644770644399,2.003408954936492,0.2755156404340863,1,1,0,0,1,0,0,1,0,0,0,1,1
LP002031,-0.3074982793373432,-0.2205607250619883,0.7846708675314423,-0.3271083355143736,0.004106017724998034,-0.420206027335009,-2.530151964653022,1,1,0,0,1,0,0,0,1,0,0,1,1
LP002487,-0.2821374174097352,0.6052333124069511,-0.8250680246735198,-0.3898970020204632,0.1911783724551778,0.07877352783853517,0.2755156404340863,1,1,0,1,0,0,0,1,0,1,0,0,1
LP001562,0.1400281500437387,1.193883984995641,-0.8250680246735198,0.4142557632840905,-0.5557455548251751,1.528190330961687,0.2755156404340863,1,1,0,1,0,0,0,1,0,0,0,1,1
LP001907,1.168380173327842,0.6602697127904015,-0.8250680246735198,1.501611576475486,-0.5557455548251751,3.440945292460273,0.2755156404340863,1,1,0,1,0,0,0,1,0,0,1,0,1
LP001657,-0.1537867137517194,0.2822875904956524,-0.8250680246735198,0.1035826738008347,-0.5557455548251751,0.1619367870341259,0.2755156404340863,1,1,0,1,0,0,0,0,1,0,0,1,1
LP002243,-0.1363124613259895,-0.02052075170654359,-0.8250680246735198,-0.3907145627822613,0.5147998912219852,-3.376631411632076e-16,0.2755156404340863,1,1,0,1,0,0,0,0,1,0,0,1,0
LP002337,-0.6235812170204571,-0.4438328783659879,-0.8250680246735198,-0.3931672450676554,-0.5557455548251751,-1.026109772902884,0.2755156404340863,0,0,0,1,0,0,0,1,0,0,0,1,1
LP002585,-0.1969311069090524,-0.3713176602629386,-0.8250680246735198,-0.2947329293471712,0.1805958122423392,-0.3251623025400482,0.2755156404340863,1,1,0,1,0,0,0,1,0,1,0,0,0
LP002129,-0.3201787103011472,0.926630604394131,-0.8250680246735198,-0.4742692726380212,0.2833490581799014,0.1619367870341259,0.2755156404340863,1,1,0,1,0,0,0,1,0,0,1,0,1
LP002002,-0.6356430903762706,0.5370243192596267,-0.8250680246735198,-0.4059211929517049,-0.5557455548251751,-0.7409785985180017,0.2755156404340863,0,0,0,1,0,0,0,1,0,0,1,0,1
LP001473,-0.4769830639267232,-0.5855279363508241,-0.8250680246735198,-0.5535726665324312,0.1027627887414615,-0.8597832545117027,0.2755156404340863,1,0,0,1,0,0,0,1,0,0,0,1,1
LP001343,-0.2671373954159671,0.08039025731439688,-0.8250680246735198,-0.5952682653841314,0.6530559198090706,-0.182596715347607,0.2755156404340863,1,1,0,1,0,0,0,1,0,0,1,0,1
LP002209,-0.4336840313673926,0.2293493192847859,-0.8250680246735198,-0.4309385522627249,-0.05768247900157594,-0.4320864929343791,0.2755156404340863,0,0,0,1,0,0,0,1,0,0,0,1,1
LP001282,-0.3726014675783368,-0.1654485380571366,-0.8250680246735198,-0.4741057604856616,0.167282268748768,-0.5033692865305998,0.2755156404340863,1,1,0,1,0,0,0,1,0,0,1,0,1
LP002484,0.1101827454582,-0.8351228876900598,1.589540313633923,0.3826979178786861,-0.5557455548251751,-0.2182381121457173,-2.530151964653022,1,1,0,0,0,0,1,1,0,0,0,1,1
LP002100,-0.6486328001440698,0.1189818618069508,-0.8250680246735198,-0.419656213749912,-0.5557455548251751,-0.895424651309813,0.2755156404340863,1,0,0,1,0,0,0,1,0,0,0,1,1
LP001720,-0.3393539961488508,-0.3702188742845484,1.589540313633923,-0.2533643548001903,-0.2201759842051628,-0.5508911489280801,0.2755156404340863,1,1,0,0,0,0,1,0,1,0,1,0,1
LP002505,-0.03765252285151464,-0.8712581538704041,-0.8250680246735198,-0.1743879852104994,0.2809594478092605,-0.4320864929343791,0.2755156404340863,1,1,0,1,0,0,0,1,0,0,0,1,1
LP001431,0.6324000060041274,-1.306785613912287,-0.8250680246735198,-0.5334606717921994,2.509783177797114,-0.1113139217513864,0.2755156404340863,0,0,0,1,0,0,0,1,0,0,1,0,0
LP001043,0.09781159329839129,-1.166478243259402,-0.8250680246735198,0.3696169456899175,-0.5557455548251751,-0.5033692865305998,0.2755156404340863,1,1,0,1,0,0,0,0,1,0,0,1,0
LP001245,-0.5068284685122619,0.2090717771032691,1.321250498266429,-0.5763008557104168,0.08432865159651674,-0.5865325457261904,0.2755156404340863,1,1,1,0,0,1,0,0,1,0,1,0,1
LP001370,0.04724450884517298,-0.8544961528442098,-0.8250680246735198,0.3161484718683256,-0.5557455548251751,-0.3132818369406781,0.2755156404340863,1,0,0,1,0,0,0,0,1,1,0,0,1
LP001892,-0.3614674306345089,0.320887986499485,-0.8250680246735198,-0.419656213749912,0.07818393921486849,-0.2419990433444575,0.2755156404340863,1,0,0,1,0,0,0,1,0,1,0,0,1
LP002403,0.5239977852038031,-0.6766691054130829,-0.8250680246735198,0.820256437592998,-0.5557455548251751,0.4827093582171186,0.2755156404340863,1,0,1,1,0,0,0,1,0,0,0,1,0
LP001350,1.024101611264072,-1.485917746669146,-0.8250680246735198,1.349054738323971,-0.5557455548251751,-3.376631411632076e-16,0.2755156404340863,1,1,0,1,0,0,0,1,0,0,0,1,1
